,#Gc,logAge,[M/H],m_ini,logL,logTe,logg,m-M0,Av,m2/m1,mbol,TESS,J,H,Ks,Kepler,g,r,i,z,DDO51_finf,Mact
0,1,7.53,0.25,0.05252,-2.673,3.437,4.527,8.4,0.036,0.0,19.852,19.867,17.786,17.284,16.985,21.596,24.32,22.685,20.74,19.58,23.96,0.053
1,1,8.15,0.05,2.88559,1.897,4.048,4.138,7.0,0.029,0.0,7.027,7.555,7.628,7.685,7.696,7.628,7.356,7.658,7.91,8.105,7.432,2.886
2,1,8.35,-0.27,0.24011,-2.042,3.565,5.065,7.5,0.032,0.0,17.374,16.917,15.627,15.067,14.864,18.003,19.548,18.129,17.372,16.923,19.431,0.24
3,1,8.65,0.01,0.46693,-1.469,3.589,4.878,7.6,0.033,0.0,16.042,15.557,14.33,13.719,13.567,16.586,17.967,16.673,16.001,15.595,17.923,0.467
4,1,8.67,0.37,0.13376,-2.557,3.483,5.001,7.2,0.03,0.0,18.363,18.174,16.409,15.894,15.632,19.647,21.875,20.3,18.828,17.971,21.62,0.134
5,1,8.75,0.07,0.17525,-2.352,3.518,5.051,8.5,0.036,0.0,19.151,18.848,17.279,16.751,16.511,20.162,22.062,20.576,19.403,18.716,21.85,0.175
6,1,8.77,-0.13,0.10879,-2.76,3.478,5.093,7.6,0.033,0.0,19.27,19.095,17.313,16.781,16.524,20.582,22.915,21.27,19.747,18.887,22.68,0.109
7,1,8.79,0.15,0.35181,-1.776,3.563,4.96,12.2,0.038,0.0,21.411,20.992,19.632,19.063,18.863,22.135,23.693,22.342,21.469,20.955,23.552,0.352
8,1,8.85,-0.07,0.14696,-2.516,3.501,5.072,9.2,0.037,0.0,20.26,20.008,18.358,17.83,17.581,21.388,23.449,21.89,20.597,19.846,23.227,0.147
9,1,8.87,-0.11,1.01395,-0.067,3.76,4.498,8.9,0.037,0.0,13.838,13.287,12.725,12.401,12.358,13.822,14.239,13.757,13.639,13.613,14.05,1.014
10,1,8.93,0.23,0.18,-2.378,3.515,5.076,8.5,0.036,0.0,19.215,18.921,17.336,16.808,16.567,20.248,22.179,20.68,19.483,18.783,21.965,0.18
11,1,9.01,-0.21,0.18705,-2.292,3.541,5.11,6.4,0.026,0.0,16.899,16.513,15.1,14.549,14.318,17.696,19.421,17.936,17.001,16.457,19.241,0.187
12,1,9.01,-0.07,0.23712,-2.085,3.552,5.053,9.0,0.037,0.0,18.982,18.578,17.201,16.645,16.42,19.735,21.365,19.947,19.057,18.534,21.19,0.237
13,1,9.01,0.07,0.31371,-1.869,3.56,4.988,10.6,0.038,0.0,20.043,19.627,18.265,17.701,17.492,20.773,22.351,20.979,20.105,19.588,22.2,0.314
14,1,9.03,0.49,0.46693,-1.481,3.583,4.865,8.8,0.037,0.0,17.272,16.863,15.495,14.872,14.718,18.0,19.451,18.231,17.34,16.83,19.34,0.467
15,1,9.05,0.25,0.13574,-2.728,3.478,5.156,9.5,0.037,0.0,21.091,20.924,19.125,18.601,18.341,22.427,24.752,23.133,21.594,20.708,24.507,0.136
16,1,9.05,0.33,0.15388,-2.576,3.493,5.119,9.8,0.038,0.0,21.009,20.788,19.081,18.558,18.305,22.215,24.365,22.795,21.409,20.604,24.132,0.154
17,1,9.07,-0.19,0.14023,-2.645,3.498,5.169,8.1,0.035,0.0,19.482,19.232,17.582,17.039,16.794,20.611,22.734,21.117,19.814,19.073,22.531,0.14
18,1,9.09,0.09,0.33213,-1.821,3.562,4.976,9.6,0.038,0.0,18.924,18.503,17.147,16.581,16.378,19.643,21.206,19.844,18.979,18.468,21.064,0.332
19,1,9.09,0.17,0.66386,-0.99,3.631,4.722,7.2,0.03,0.0,14.446,13.918,12.872,12.203,12.095,14.778,15.892,14.74,14.318,14.069,15.897,0.664
20,1,9.11,0.23,1.0851,0.031,3.761,4.432,7.9,0.034,0.0,12.593,12.015,11.463,11.154,11.11,12.552,12.991,12.479,12.366,12.346,12.798,1.085
21,1,9.13,-0.13,0.31228,-1.845,3.57,5.004,8.9,0.037,0.0,18.281,17.821,16.532,15.967,15.776,18.907,20.413,19.04,18.279,17.823,20.313,0.312
22,1,9.15,-0.21,0.19272,-2.252,3.546,5.103,6.9,0.029,0.0,17.3,16.902,15.515,14.961,14.73,18.065,19.751,18.28,17.382,16.858,19.573,0.193
23,1,9.15,0.15,0.27462,-1.991,3.548,5.008,8.6,0.036,0.0,18.348,17.961,16.554,16.0,15.77,19.145,20.8,19.392,18.452,17.9,20.608,0.275
24,1,9.15,0.29,0.10879,-2.968,3.455,5.207,7.6,0.033,0.0,19.789,19.712,17.759,17.232,16.965,21.339,23.97,22.286,20.479,19.452,23.692,0.109
25,1,9.17,-0.17,0.16646,-2.444,3.52,5.13,7.1,0.03,0.0,17.98,17.657,16.128,15.586,15.348,18.936,20.832,19.297,18.189,17.547,20.639,0.166
26,1,9.17,0.13,0.56659,-1.23,3.607,4.796,9.2,0.037,0.0,17.044,16.551,15.395,14.726,14.601,17.506,18.765,17.53,16.975,16.638,18.754,0.567
27,1,9.17,0.29,0.11158,-2.938,3.458,5.201,8.8,0.037,0.0,20.915,20.827,18.895,18.368,18.101,22.438,25.027,23.35,21.581,20.573,24.753,0.112
28,1,9.19,-0.03,0.63644,-1.026,3.633,4.744,9.8,0.038,0.0,17.134,16.604,15.578,14.911,14.803,17.45,18.542,17.402,17.001,16.766,18.548,0.636
29,1,9.19,-0.01,0.08849,-3.303,3.415,5.296,6.9,0.029,0.0,19.929,20.068,17.811,17.263,16.989,21.916,25.158,23.333,21.062,19.746,24.779,0.088
30,1,9.21,-0.15,0.33033,-1.794,3.574,4.995,9.0,0.037,0.0,18.256,17.782,16.514,15.948,15.765,18.851,20.329,18.965,18.235,17.795,20.247,0.33
31,1,9.23,-0.17,0.1731,-2.397,3.526,5.123,10.3,0.038,0.0,21.062,20.725,19.226,18.682,18.446,21.979,23.822,22.303,21.244,20.628,23.632,0.173
32,1,9.23,-0.13,0.15254,-2.547,3.506,5.139,9.1,0.037,0.0,20.238,19.967,18.352,17.815,17.571,21.317,23.349,21.778,20.536,19.821,23.143,0.153
33,1,9.23,0.31,0.14696,-2.631,3.487,5.13,7.8,0.033,0.0,19.147,18.944,17.203,16.681,16.425,20.4,22.615,21.029,19.584,18.749,22.378,0.147
34,1,9.25,-0.09,0.34519,-1.766,3.573,4.982,9.9,0.038,0.0,19.085,18.62,17.335,16.768,16.585,19.702,21.188,19.833,19.077,18.623,21.1,0.345
35,1,9.25,-0.03,0.36406,-1.724,3.573,4.961,10.2,0.038,0.0,19.28,18.822,17.522,16.954,16.771,19.917,21.409,20.065,19.284,18.815,21.317,0.364
36,1,9.27,-0.15,0.26216,-1.984,3.562,5.036,7.4,0.032,0.0,17.131,16.689,15.37,14.809,14.604,17.799,19.358,17.957,17.153,16.676,19.228,0.262
37,1,9.27,0.09,0.68586,-0.915,3.64,4.697,7.5,0.032,0.0,14.558,14.017,13.015,12.361,12.259,14.842,15.89,14.787,14.409,14.191,15.89,0.686
38,1,9.27,0.21,0.60834,-1.132,3.614,4.758,9.9,0.038,0.0,17.5,17.005,15.87,15.192,15.072,17.939,19.158,17.949,17.423,17.106,19.151,0.608
39,1,9.31,-0.27,0.13751,-2.66,3.5,5.18,9.5,0.037,0.0,20.919,20.664,19.029,18.479,18.235,22.028,24.148,22.509,21.232,20.512,23.955,0.138
40,1,9.31,-0.23,0.62548,-0.997,3.642,4.744,10.1,0.038,0.0,17.362,16.819,15.836,15.191,15.087,17.631,18.644,17.573,17.21,17.001,18.628,0.625
41,1,9.31,-0.01,0.65183,-0.987,3.636,4.729,10.0,0.038,0.0,17.238,16.704,15.689,15.026,14.921,17.54,18.612,17.488,17.1,16.873,18.617,0.652
42,1,9.31,0.13,0.84087,-0.512,3.692,4.59,10.0,0.038,0.0,16.05,15.452,14.66,14.16,14.087,16.132,16.87,16.052,15.82,15.706,16.725,0.841
43,1,9.33,-0.11,0.47905,-1.412,3.598,4.869,9.3,0.037,0.0,17.599,17.092,15.935,15.303,15.163,18.061,19.368,18.085,17.518,17.173,19.352,0.479
44,1,9.33,0.07,0.31916,-1.85,3.561,4.981,9.3,0.037,0.0,18.694,18.276,16.917,16.353,16.146,19.419,20.99,19.621,18.753,18.239,20.843,0.319
45,1,9.35,-0.39,0.08272,-3.52,3.385,5.363,6.2,0.024,0.0,19.77,20.124,17.622,17.03,16.755,22.118,25.843,23.807,21.317,19.776,25.374,0.083
46,1,9.35,-0.13,0.4063,-1.588,3.585,4.921,6.3,0.025,0.0,15.039,14.543,13.322,12.734,12.571,15.571,16.973,15.653,14.985,14.584,16.92,0.406
47,1,9.35,-0.05,0.22316,-2.138,3.548,5.063,7.6,0.033,0.0,17.715,17.321,15.923,15.371,15.141,18.496,20.156,18.731,17.808,17.266,19.969,0.223
48,1,9.35,0.13,0.09456,-3.178,3.43,5.259,8.2,0.035,0.0,20.916,20.967,18.828,18.291,18.019,22.735,25.737,23.976,21.869,20.665,25.402,0.095
49,1,9.35,0.37,0.65723,-1.004,3.628,4.718,10.1,0.038,0.0,17.38,16.867,15.784,15.11,14.998,17.755,18.906,17.733,17.273,16.998,18.907,0.657
50,1,9.37,-0.15,0.24907,-2.023,3.56,5.043,9.4,0.037,0.0,19.228,18.797,17.465,16.905,16.694,19.917,21.495,20.084,19.264,18.778,21.354,0.249
51,1,9.39,-0.39,0.21963,-2.092,3.567,5.088,10.3,0.038,0.0,20.301,19.83,18.57,18.011,17.811,20.892,22.422,20.986,20.277,19.854,22.319,0.22
52,1,9.39,-0.17,0.27379,-1.945,3.566,5.029,8.5,0.036,0.0,18.131,17.681,16.379,15.816,15.617,18.778,20.315,18.919,18.141,17.678,20.198,0.274
53,1,9.39,-0.15,0.12233,-2.807,3.482,5.207,8.8,0.037,0.0,20.589,20.4,18.643,18.102,17.852,21.869,24.192,22.531,21.036,20.2,23.974,0.122
54,1,9.39,0.03,0.8612,-0.428,3.707,4.576,9.5,0.037,0.0,15.339,14.743,14.005,13.547,13.481,15.387,16.036,15.31,15.107,15.015,15.856,0.861
55,1,9.41,-0.23,0.55975,-1.17,3.624,4.797,8.7,0.036,0.0,16.396,15.867,14.82,14.159,14.039,16.736,17.872,16.696,16.268,16.015,17.867,0.56
56,1,9.41,-0.11,0.12407,-2.796,3.482,5.2,8.8,0.037,0.0,20.561,20.374,18.611,18.075,17.822,21.848,24.165,22.516,21.017,20.172,23.941,0.124
57,1,9.41,-0.05,0.40564,-1.603,3.581,4.918,8.0,0.034,0.0,16.777,16.301,15.039,14.457,14.288,17.364,18.805,17.481,16.754,16.317,18.737,0.406
58,1,9.41,0.13,0.28707,-1.947,3.552,4.997,9.2,0.037,0.0,18.837,18.442,17.049,16.491,16.266,19.613,21.243,19.846,18.928,18.388,21.06,0.287
59,1,9.41,0.17,0.24085,-2.1,3.54,5.027,9.7,0.038,0.0,19.72,19.354,17.905,17.358,17.127,20.571,22.287,20.859,19.86,19.274,22.091,0.241
60,1,9.43,-0.29,0.18926,-2.262,3.547,5.111,10.4,0.038,0.0,20.825,20.424,19.052,18.495,18.264,21.574,23.255,21.765,20.897,20.391,23.08,0.189
61,1,9.43,-0.09,0.18785,-2.303,3.535,5.1,8.2,0.035,0.0,18.728,18.369,16.906,16.362,16.129,19.596,21.364,19.892,18.879,18.286,21.173,0.188
62,1,9.43,-0.05,0.57314,-1.18,3.617,4.789,7.8,0.033,0.0,15.52,15.001,13.915,13.248,13.127,15.902,17.093,15.881,15.411,15.128,17.097,0.573
63,1,9.45,-0.31,0.45614,-1.43,3.604,4.889,10.2,0.038,0.0,18.544,18.017,16.911,16.288,16.148,18.947,20.204,18.941,18.431,18.125,20.19,0.456
64,1,9.45,-0.07,0.10356,-3.015,3.458,5.244,6.8,0.028,0.0,19.107,19.013,17.088,16.553,16.295,20.618,23.252,21.546,19.756,18.761,22.991,0.104
65,1,9.47,-0.33,0.20275,-2.167,3.56,5.097,6.4,0.026,0.0,16.587,16.137,14.836,14.279,14.066,17.231,18.813,17.364,16.593,16.139,18.68,0.203
66,1,9.47,-0.31,0.10491,-2.976,3.47,5.259,7.6,0.033,0.0,19.809,19.658,17.839,17.282,17.043,21.178,23.727,21.97,20.314,19.439,23.519,0.105
67,1,9.47,-0.29,0.20096,-2.18,3.557,5.096,10.4,0.038,0.0,20.621,20.19,18.866,18.307,18.09,21.301,22.906,21.451,20.651,20.179,22.759,0.201
68,1,9.47,-0.03,0.14465,-2.624,3.495,5.149,8.7,0.036,0.0,20.029,19.798,18.109,17.582,17.331,21.211,23.346,21.769,20.408,19.621,23.122,0.145
69,1,9.47,0.05,0.30283,-1.886,3.559,4.987,10.4,0.038,0.0,19.886,19.472,18.107,17.545,17.334,20.62,22.204,20.827,19.95,19.432,22.05,0.303
70,1,9.47,0.41,0.13583,-2.727,3.478,5.156,9.3,0.037,0.0,20.887,20.719,18.921,18.398,18.137,22.221,24.544,22.926,21.388,20.504,24.299,0.136
71,1,9.49,-0.29,0.44685,-1.456,3.601,4.895,10.7,0.038,0.0,19.11,18.585,17.466,16.846,16.704,19.526,20.803,19.526,19.002,18.686,20.788,0.447
72,1,9.49,-0.07,0.34687,-1.762,3.573,4.977,9.5,0.037,0.0,18.674,18.213,16.921,16.353,16.169,19.301,20.793,19.439,18.672,18.211,20.701,0.347
73,1,9.49,0.03,0.16548,-2.476,3.51,5.118,8.6,0.036,0.0,19.559,19.28,17.67,17.143,16.9,20.628,22.608,21.088,19.853,19.132,22.393,0.165
74,1,9.49,0.09,1.29244,0.541,3.787,4.103,8.9,0.037,0.0,12.317,11.796,11.318,11.065,11.029,12.277,12.6,12.215,12.143,12.151,12.434,1.292
75,1,9.49,0.15,0.74683,-0.753,3.658,4.643,7.5,0.032,0.0,14.153,13.584,12.657,12.049,11.958,14.356,15.297,14.284,13.967,13.791,15.261,0.747
76,1,9.51,-0.23,0.1308,-2.723,3.492,5.194,9.3,0.037,0.0,20.878,20.65,18.966,18.419,18.173,22.056,24.264,22.612,21.244,20.479,24.062,0.131
77,1,9.51,-0.23,0.24518,-2.022,3.564,5.051,10.6,0.038,0.0,20.425,19.977,18.675,18.114,17.91,21.073,22.626,21.21,20.436,19.976,22.503,0.245
78,1,9.51,-0.15,0.4576,-1.453,3.596,4.881,8.4,0.036,0.0,16.801,16.293,15.13,14.509,14.364,17.269,18.591,17.3,16.721,16.37,18.568,0.458
79,1,9.51,-0.03,0.43796,-1.523,3.586,4.892,10.0,0.038,0.0,18.578,18.099,16.858,16.26,16.1,19.141,20.548,19.239,18.546,18.128,20.494,0.438
80,1,9.51,0.19,0.51035,-1.369,3.592,4.831,10.6,0.038,0.0,18.793,18.331,17.08,16.442,16.299,19.37,20.735,19.477,18.778,18.361,20.685,0.51
81,1,9.51,0.33,0.21799,-2.186,3.534,5.046,9.6,0.038,0.0,19.835,19.485,18.005,17.464,17.231,20.727,22.491,21.047,20.003,19.391,22.292,0.218
82,1,9.53,-0.33,0.40514,-1.551,3.596,4.926,9.9,0.038,0.0,18.547,18.025,16.887,16.284,16.133,18.985,20.301,18.999,18.446,18.114,20.275,0.405
83,1,9.53,-0.09,0.10882,-2.939,3.467,5.229,6.8,0.028,0.0,18.918,18.783,16.925,16.391,16.135,20.333,22.836,21.151,19.481,18.55,22.594,0.109
84,1,9.53,-0.01,0.31961,-1.841,3.565,4.988,10.3,0.038,0.0,19.672,19.239,17.904,17.339,17.14,20.362,21.906,20.541,19.709,19.214,21.779,0.32
85,1,9.53,0.19,0.11074,-2.944,3.458,5.203,8.8,0.037,0.0,20.93,20.844,18.909,18.382,18.115,22.455,25.049,23.371,21.598,20.589,24.775,0.111
86,1,9.55,-0.29,1.68552,-3.38,3.884,8.122,5.9,0.022,0.0,19.119,18.877,18.649,18.561,18.548,19.179,19.212,19.15,19.213,19.325,19.143,0.662
87,1,9.55,-0.25,0.21114,-2.147,3.557,5.084,10.3,0.038,0.0,20.438,20.009,18.68,18.121,17.904,21.126,22.728,21.283,20.473,19.995,22.58,0.211
88,1,9.55,-0.19,0.16718,-2.434,3.522,5.129,9.6,0.038,0.0,20.456,20.131,18.612,18.067,17.83,21.401,23.284,21.746,20.657,20.026,23.093,0.167
89,1,9.55,-0.15,0.28519,-1.911,3.567,5.017,10.7,0.038,0.0,20.248,19.797,18.495,17.932,17.734,20.893,22.423,21.035,20.257,19.793,22.31,0.285
90,1,9.55,-0.07,0.66202,-0.929,3.644,4.708,8.9,0.037,0.0,15.991,15.448,14.465,13.816,13.716,16.258,17.272,16.197,15.838,15.632,17.265,0.662
91,1,9.55,0.07,0.32488,-1.828,3.562,4.972,10.7,0.038,0.0,20.04,19.619,18.264,17.699,17.495,20.76,22.324,20.96,20.096,19.584,22.182,0.325
92,1,9.55,0.11,0.24414,-2.076,3.544,5.025,8.9,0.037,0.0,18.861,18.484,17.056,16.506,16.275,19.684,21.371,19.951,18.983,18.414,21.177,0.244
93,1,9.55,0.13,0.59435,-1.151,3.614,4.767,10.2,0.038,0.0,17.848,17.347,16.224,15.549,15.428,18.273,19.489,18.275,17.763,17.455,19.487,0.594
94,1,9.55,0.15,0.437,-1.546,3.579,4.886,6.7,0.028,0.0,15.336,14.885,13.568,12.981,12.814,15.99,17.454,16.167,15.352,14.872,17.363,0.437
95,1,9.55,0.17,0.23014,-2.137,3.538,5.036,10.3,0.038,0.0,20.413,20.052,18.592,18.048,17.816,21.278,23.012,21.578,20.563,19.968,22.815,0.23
96,1,9.57,-0.27,0.25753,-1.973,3.569,5.043,9.4,0.037,0.0,19.103,18.637,17.363,16.802,16.606,19.71,21.229,19.822,19.089,18.651,21.126,0.258
97,1,9.57,-0.25,0.76066,-0.584,3.696,4.633,9.5,0.037,0.0,15.729,15.144,14.365,13.869,13.798,15.811,16.492,15.739,15.512,15.401,16.324,0.761
98,1,9.57,-0.21,0.69776,-0.782,3.665,4.671,13.9,0.038,0.0,20.626,20.061,19.165,18.573,18.486,20.805,21.666,20.735,20.44,20.278,21.593,0.698
99,1,9.57,-0.19,1.29621,0.811,3.776,3.791,8.8,0.037,0.0,11.542,11.022,10.507,10.223,10.184,11.522,11.862,11.463,11.372,11.363,11.689,1.296
100,1,9.57,-0.09,0.3221,-1.82,3.57,4.991,10.3,0.038,0.0,19.62,19.165,17.866,17.3,17.109,20.26,21.77,20.403,19.626,19.161,21.667,0.322
101,1,9.57,-0.05,1.0122,0.022,3.766,4.43,10.5,0.038,0.0,15.216,14.67,14.124,13.813,13.772,15.194,15.594,15.129,15.02,15.001,15.408,1.012
102,1,9.57,0.07,0.84608,-0.457,3.701,4.572,10.4,0.038,0.0,16.313,15.713,14.953,14.478,14.409,16.372,17.056,16.294,16.08,15.978,16.885,0.846
103,1,9.57,0.09,0.13543,-2.718,3.482,5.163,9.2,0.037,0.0,20.765,20.581,18.81,18.286,18.028,22.061,24.337,22.73,21.236,20.375,24.097,0.135
104,1,9.57,0.11,0.79068,-0.619,3.676,4.605,7.7,0.033,0.0,14.017,13.427,12.574,12.021,11.94,14.147,14.972,14.069,13.802,13.662,14.878,0.791
105,1,9.57,0.15,0.86004,-0.439,3.701,4.561,9.8,0.038,0.0,15.668,15.064,14.305,13.834,13.764,15.724,16.417,15.643,15.43,15.33,16.247,0.86
106,1,9.59,-0.49,0.36095,-1.628,3.602,4.978,9.3,0.037,0.0,18.14,17.597,16.508,15.914,15.764,18.522,19.786,18.508,18.008,17.711,19.766,0.361
107,1,9.59,-0.27,0.18681,-2.281,3.544,5.111,10.1,0.038,0.0,20.572,20.182,18.79,18.234,18.002,21.348,23.054,21.559,20.662,20.138,22.877,0.187
108,1,9.59,-0.21,0.56141,-1.165,3.623,4.792,10.7,0.038,0.0,18.382,17.855,16.805,16.143,16.023,18.726,19.866,18.687,18.257,18.002,19.863,0.561
109,1,9.59,-0.11,0.20341,-2.199,3.547,5.081,9.7,0.038,0.0,19.968,19.576,18.181,17.627,17.397,20.748,22.419,20.975,20.061,19.525,22.235,0.203
110,1,9.59,-0.07,0.14117,-2.649,3.494,5.159,8.5,0.036,0.0,19.893,19.664,17.973,17.442,17.192,21.078,23.233,21.64,20.273,19.487,23.013,0.141
111,1,9.59,-0.01,0.54676,-1.253,3.608,4.807,9.0,0.037,0.0,16.902,16.394,15.267,14.606,14.48,17.33,18.578,17.332,16.812,16.497,18.577,0.547
112,1,9.59,0.13,0.85052,-0.457,3.699,4.566,9.4,0.037,0.0,15.313,14.71,13.943,13.465,13.395,15.375,16.076,15.295,15.077,14.974,15.91,0.851
113,1,9.59,0.19,0.34696,-1.784,3.561,4.953,9.9,0.038,0.0,19.131,18.719,17.348,16.781,16.576,19.871,21.444,20.087,19.199,18.676,21.293,0.347
114,1,9.61,-0.29,0.73313,-0.645,3.688,4.646,8.0,0.034,0.0,14.382,13.8,12.993,12.471,12.396,14.484,15.204,14.414,14.171,14.047,15.057,0.733
115,1,9.61,-0.25,0.21121,-2.146,3.557,5.083,5.7,0.021,0.0,15.834,15.395,14.072,13.515,13.299,16.508,18.104,16.665,15.858,15.383,17.958,0.211
116,1,9.61,-0.23,1.25363,0.768,3.794,3.892,12.2,0.038,0.0,15.051,14.57,14.105,13.857,13.824,15.035,15.311,14.982,14.917,14.928,15.163,1.254
117,1,9.61,-0.15,0.83297,-0.409,3.718,4.584,7.9,0.034,0.0,13.692,13.103,12.403,11.971,11.91,13.721,14.309,13.65,13.464,13.384,14.112,0.833
118,1,9.61,-0.15,0.3209,-1.812,3.573,4.994,11.2,0.038,0.0,20.5,20.031,18.756,18.19,18.004,21.105,22.592,21.224,20.485,20.04,22.504,0.321
119,1,9.61,-0.11,0.83168,-0.428,3.713,4.585,8.4,0.036,0.0,14.24,13.649,12.933,12.489,12.426,14.278,14.888,14.205,14.012,13.926,14.697,0.832
120,1,9.61,-0.07,0.6994,-0.823,3.655,4.671,14.3,0.038,0.0,21.126,20.571,19.632,19.008,18.915,21.346,22.286,21.277,20.955,20.774,22.255,0.699
121,1,9.61,0.01,0.90635,-0.271,3.73,4.534,10.3,0.038,0.0,15.748,15.159,14.502,14.107,14.052,15.754,16.299,15.681,15.518,15.456,16.096,0.906
122,1,9.63,-0.63,0.46681,-1.323,3.629,4.892,9.0,0.037,0.0,17.077,16.53,15.527,14.904,14.777,17.373,18.447,17.326,16.924,16.693,18.404,0.467
123,1,9.63,-0.39,0.28739,-1.859,3.582,5.028,11.3,0.038,0.0,20.716,20.211,19.017,18.448,18.271,21.22,22.643,21.268,20.644,20.269,22.583,0.287
124,1,9.63,-0.33,0.8055,-0.407,3.726,4.599,10.8,0.038,0.0,16.587,16.01,15.335,14.923,14.866,16.612,17.153,16.545,16.37,16.298,16.947,0.806
125,1,9.63,-0.31,0.18105,-2.316,3.541,5.12,9.6,0.038,0.0,20.16,19.777,18.374,17.818,17.585,20.95,22.684,21.17,20.259,19.729,22.508,0.181
126,1,9.63,-0.29,0.29747,-1.848,3.577,5.014,11.6,0.038,0.0,20.99,20.499,19.269,18.703,18.522,21.538,22.995,21.616,20.942,20.536,22.923,0.297
127,1,9.63,-0.11,0.25366,-2.011,3.559,5.034,10.6,0.038,0.0,20.397,19.974,18.629,18.069,17.856,21.104,22.691,21.284,20.444,19.947,22.543,0.254
128,1,9.63,-0.05,0.11699,-2.864,3.473,5.21,7.4,0.032,0.0,19.331,19.175,17.354,16.824,16.566,20.697,23.1,21.446,19.854,18.953,22.861,0.117
129,1,9.63,-0.03,0.23494,-2.093,3.55,5.047,8.9,0.037,0.0,18.901,18.508,17.114,16.559,16.329,19.68,21.327,19.911,18.993,18.454,21.14,0.235
130,1,9.65,-0.23,0.75123,-0.608,3.691,4.633,10.0,0.038,0.0,16.289,15.706,14.91,14.399,14.326,16.383,17.091,16.311,16.076,15.957,16.936,0.751
131,1,9.65,-0.03,0.1454,-2.616,3.496,5.146,9.8,0.038,0.0,21.111,20.878,19.193,18.666,18.415,22.288,24.414,22.84,21.486,20.702,24.191,0.145
132,1,9.65,0.15,0.18386,-2.359,3.52,5.086,5.8,0.022,0.0,16.466,16.147,14.595,14.067,13.829,17.449,19.33,17.849,16.696,16.022,19.124,0.184
133,1,9.67,-0.33,0.42531,-1.497,3.6,4.908,10.7,0.038,0.0,19.212,18.684,17.565,16.952,16.807,19.628,20.913,19.628,19.102,18.785,20.896,0.425
134,1,9.67,-0.15,0.29364,-1.883,3.568,5.008,11.8,0.038,0.0,21.277,20.821,19.527,18.963,18.768,21.912,23.43,22.047,21.28,20.821,23.323,0.294
135,1,9.69,-0.47,0.18408,-2.262,3.554,5.126,10.3,0.038,0.0,20.725,20.294,18.98,18.42,18.195,21.394,23.03,21.521,20.747,20.294,22.878,0.184
136,1,9.69,-0.31,0.41039,-1.537,3.596,4.918,9.4,0.037,0.0,18.012,17.492,16.351,15.746,15.595,18.454,19.77,18.469,17.914,17.58,19.744,0.41
137,1,9.69,-0.31,0.26003,-1.956,3.572,5.041,11.7,0.038,0.0,21.359,20.882,19.628,19.067,18.875,21.94,23.438,22.033,21.329,20.907,23.348,0.26
138,1,9.69,-0.29,0.30582,-1.824,3.579,5.008,10.0,0.038,0.0,19.33,18.837,17.613,17.045,16.866,19.87,21.315,19.942,19.278,18.877,21.247,0.306
139,1,9.69,-0.19,0.43912,-1.488,3.595,4.893,12.4,0.038,0.0,20.889,20.381,19.216,18.603,18.454,21.36,22.691,21.392,20.809,20.456,22.663,0.439
140,1,9.69,-0.15,0.63841,-0.961,3.643,4.72,7.6,0.033,0.0,14.773,14.228,13.246,12.598,12.496,15.038,16.051,14.979,14.618,14.411,16.04,0.638
141,1,9.69,-0.15,0.62548,-0.998,3.638,4.732,12.9,0.038,0.0,20.165,19.627,18.628,17.974,17.868,20.452,21.495,20.397,20.02,19.802,21.487,0.625
142,1,9.69,-0.11,0.50101,-1.347,3.603,4.844,10.0,0.038,0.0,18.138,17.627,16.492,15.848,15.715,18.574,19.847,18.581,18.047,17.722,19.838,0.501
143,1,9.69,-0.07,0.24612,-2.042,3.555,5.036,9.0,0.037,0.0,18.875,18.465,17.098,16.54,16.32,19.614,21.228,19.818,18.942,18.426,21.061,0.246
144,1,9.69,0.21,0.30092,-1.908,3.552,4.978,9.4,0.037,0.0,18.941,18.547,17.152,16.594,16.369,19.72,21.351,19.955,19.034,18.492,21.167,0.301
145,1,9.69,0.21,0.84089,-0.484,3.693,4.564,12.0,0.038,0.0,17.98,17.378,16.588,16.094,16.02,18.06,18.804,17.978,17.747,17.634,18.659,0.841
146,1,9.71,-0.53,0.33712,-1.67,3.602,4.991,9.1,0.037,0.0,18.044,17.499,16.414,15.824,15.672,18.421,19.681,18.405,17.909,17.615,19.659,0.337
147,1,9.71,-0.45,0.19653,-2.172,3.565,5.108,9.3,0.037,0.0,19.5,19.034,17.77,17.211,17.006,20.098,21.649,20.19,19.479,19.058,21.537,0.197
148,1,9.71,-0.43,0.26562,-1.909,3.581,5.042,9.2,0.037,0.0,18.742,18.234,17.044,16.478,16.299,19.24,20.665,19.283,18.666,18.295,20.605,0.266
149,1,9.71,-0.31,0.18001,-2.323,3.54,5.12,6.5,0.026,0.0,17.077,16.688,15.284,14.73,14.497,17.863,19.6,18.087,17.171,16.64,19.425,0.18
150,1,9.71,-0.29,0.25922,-1.961,3.57,5.04,11.2,0.038,0.0,20.873,20.401,19.137,18.576,18.383,21.466,22.973,21.568,20.85,20.42,22.877,0.259
151,1,9.73,-0.37,0.15088,-2.528,3.515,5.152,9.0,0.037,0.0,20.091,19.78,18.247,17.689,17.45,21.058,23.022,21.411,20.304,19.675,22.842,0.151
152,1,9.73,-0.37,0.3399,-1.723,3.589,4.993,10.4,0.038,0.0,19.477,18.961,17.798,17.217,17.051,19.946,21.315,19.976,19.388,19.035,21.272,0.34
153,1,9.73,-0.03,0.21034,-2.183,3.544,5.067,11.1,0.038,0.0,21.328,20.95,19.527,18.977,18.746,22.145,23.836,22.405,21.445,20.883,23.646,0.21
154,1,9.73,0.01,0.14353,-2.637,3.493,5.149,8.2,0.035,0.0,19.563,19.341,17.633,17.11,16.857,20.77,22.927,21.353,19.962,19.157,22.698,0.144
155,1,9.73,0.03,0.59185,-1.132,3.619,4.763,12.4,0.038,0.0,20.001,19.489,18.399,17.724,17.606,20.388,21.573,20.367,19.898,19.616,21.579,0.592
156,1,9.75,-0.73,0.33555,-1.644,3.616,5.018,11.0,0.038,0.0,19.881,19.329,18.295,17.699,17.554,20.209,21.369,20.175,19.73,19.472,21.322,0.336
157,1,9.75,-0.71,0.18158,-2.233,3.567,5.142,10.7,0.038,0.0,21.051,20.572,19.337,18.776,18.575,21.612,23.156,21.673,21.008,20.617,23.058,0.182
158,1,9.75,-0.59,0.31013,-1.716,3.604,5.007,11.1,0.038,0.0,20.161,19.614,18.536,17.948,17.795,20.531,21.779,20.512,20.022,19.734,21.752,0.31
159,1,9.75,-0.39,0.28361,-1.866,3.581,5.027,8.9,0.037,0.0,18.336,17.831,16.635,16.067,15.889,18.842,20.269,18.892,18.265,17.888,20.208,0.284
160,1,9.75,-0.39,0.32622,-1.751,3.588,5.001,11.3,0.038,0.0,20.446,19.929,18.767,18.188,18.021,20.914,22.286,20.943,20.356,20.004,22.242,0.326
161,1,9.75,-0.29,0.66965,-0.822,3.664,4.686,11.5,0.038,0.0,18.324,17.762,16.861,16.266,16.177,18.509,19.371,18.44,18.142,17.977,19.298,0.67
162,1,9.75,-0.27,0.5343,-1.217,3.621,4.811,10.4,0.038,0.0,18.213,17.684,16.629,15.975,15.852,18.562,19.716,18.528,18.087,17.826,19.707,0.534
163,1,9.75,-0.21,0.23396,-2.063,3.56,5.057,8.0,0.034,0.0,17.926,17.489,16.169,15.609,15.398,18.599,20.177,18.754,17.952,17.478,20.039,0.234
164,1,9.75,-0.03,0.25371,-2.021,3.554,5.026,10.1,0.038,0.0,19.923,19.519,18.142,17.584,17.363,20.677,22.294,20.892,19.999,19.474,22.123,0.254
165,1,9.75,-0.01,0.32102,-1.832,3.565,4.982,11.7,0.038,0.0,21.049,20.614,19.28,18.716,18.517,21.737,23.279,21.915,21.085,20.59,23.153,0.321
166,1,9.75,0.05,0.22607,-2.13,3.544,5.043,8.8,0.037,0.0,18.896,18.521,17.09,16.541,16.31,19.723,21.416,19.993,19.02,18.449,21.223,0.226
167,1,9.75,0.05,0.48524,-1.412,3.592,4.851,12.0,0.038,0.0,20.3,19.82,18.599,17.973,17.827,20.839,22.2,20.918,20.261,19.864,22.162,0.485
168,1,9.75,0.11,0.17697,-2.401,3.516,5.097,10.2,0.038,0.0,20.973,20.676,19.098,18.569,18.329,21.997,23.92,22.421,21.234,20.541,23.709,0.177
169,1,9.75,0.11,0.26778,-1.993,3.549,5.002,10.5,0.038,0.0,20.252,19.864,18.46,17.905,17.675,21.044,22.693,21.286,20.353,19.805,22.501,0.268
170,1,9.75,0.15,0.36223,-1.732,3.566,4.937,12.2,0.038,0.0,21.3,20.877,19.521,18.95,18.755,22.018,23.564,22.223,21.354,20.842,23.43,0.362
171,1,9.77,-0.55,0.46787,-1.334,3.624,4.882,10.8,0.038,0.0,18.904,18.361,17.338,16.707,16.578,19.222,20.339,19.179,18.759,18.516,20.308,0.468
172,1,9.77,-0.49,0.26636,-1.884,3.587,5.041,11.3,0.038,0.0,20.781,20.26,19.104,18.533,18.361,21.239,22.621,21.26,20.684,20.339,22.573,0.266
173,1,9.77,-0.37,0.30665,-1.805,3.584,5.01,9.2,0.037,0.0,18.483,17.975,16.788,16.215,16.042,18.979,20.387,19.024,18.408,18.037,20.332,0.307
174,1,9.77,-0.33,0.32003,-1.778,3.583,5.001,9.5,0.037,0.0,18.716,18.212,17.018,16.443,16.27,19.221,20.631,19.273,18.646,18.269,20.575,0.32
175,1,9.77,-0.33,0.95023,0.054,3.779,4.423,10.7,0.038,0.0,15.334,14.83,14.318,14.03,13.995,15.329,15.666,15.273,15.18,15.171,15.499,0.95
176,1,9.77,-0.31,0.25042,-1.982,3.57,5.044,10.0,0.038,0.0,19.726,19.253,17.992,17.431,17.236,20.317,21.827,20.417,19.702,19.274,21.731,0.25
177,1,9.77,-0.31,1.01127,0.245,3.793,4.317,10.2,0.038,0.0,14.357,13.882,13.411,13.155,13.123,14.352,14.637,14.299,14.228,14.237,14.488,1.011
178,1,9.77,-0.23,0.25657,-1.978,3.566,5.036,9.8,0.038,0.0,19.514,19.058,17.768,17.206,17.006,20.145,21.68,20.273,19.515,19.063,21.567,0.257
179,1,9.77,-0.17,0.35112,-1.726,3.579,4.973,11.6,0.038,0.0,20.686,20.202,18.959,18.385,18.21,21.251,22.697,21.346,20.649,20.23,22.628,0.351
180,1,9.77,-0.11,0.37948,-1.655,3.58,4.939,11.0,0.038,0.0,19.907,19.428,18.175,17.596,17.424,20.485,21.928,20.59,19.879,19.45,21.859,0.379
181,1,9.77,-0.11,1.22441,2.44,5.064,6.974,11.1,0.038,0.0,9.769,16.786,17.253,17.414,17.516,16.649,16.177,16.735,17.129,17.49,16.381,0.594
182,1,9.77,-0.03,0.17415,-2.405,3.52,5.11,8.5,0.036,0.0,19.281,18.968,17.418,16.885,16.648,20.266,22.153,20.657,19.513,18.845,21.949,0.174
183,1,9.77,-0.01,0.89593,-0.251,3.733,4.517,11.6,0.038,0.0,16.998,16.412,15.762,15.371,15.317,17.002,17.536,16.93,16.77,16.71,17.332,0.896
184,1,9.79,-0.53,0.35518,-1.622,3.605,4.976,10.7,0.038,0.0,19.524,18.979,17.902,17.306,17.157,19.894,21.137,19.875,19.388,19.1,21.114,0.355
185,1,9.79,-0.45,0.47102,-1.349,3.617,4.874,10.1,0.038,0.0,18.242,17.704,16.654,16.023,15.891,18.587,19.754,18.554,18.107,17.844,19.733,0.471
186,1,9.79,-0.37,0.35783,-1.672,3.591,4.976,11.5,0.038,0.0,20.451,19.931,18.78,18.193,18.032,20.905,22.254,20.928,20.356,20.012,22.217,0.358
187,1,9.79,-0.29,0.82401,-0.332,3.734,4.567,9.8,0.038,0.0,15.401,14.83,14.182,13.79,13.736,15.416,15.928,15.35,15.188,15.127,15.724,0.824
188,1,9.79,-0.29,1.07433,0.392,3.786,4.169,9.9,0.038,0.0,13.691,13.199,12.709,12.44,12.406,13.682,13.99,13.627,13.547,13.548,13.832,1.074
189,1,9.79,-0.25,0.25647,-1.974,3.567,5.037,8.5,0.036,0.0,18.204,17.743,16.461,15.899,15.702,18.822,20.348,18.942,18.197,17.752,20.241,0.256
190,1,9.79,-0.21,0.26588,-1.952,3.567,5.028,9.6,0.038,0.0,19.25,18.795,17.503,16.941,16.743,19.882,21.413,20.012,19.252,18.798,21.301,0.266
191,1,9.79,-0.19,0.26873,-1.947,3.566,5.025,10.3,0.038,0.0,19.938,19.486,18.188,17.625,17.426,20.578,22.113,20.714,19.944,19.485,21.998,0.269
192,1,9.79,-0.17,0.32413,-1.795,3.575,4.989,12.0,0.038,0.0,21.257,20.781,19.517,18.951,18.769,21.847,23.322,21.956,21.233,20.796,23.242,0.324
193,1,9.79,-0.15,0.23199,-2.079,3.556,5.054,10.5,0.038,0.0,20.468,20.048,18.7,18.141,17.923,21.181,22.787,21.362,20.519,20.021,22.63,0.232
194,1,9.79,-0.09,0.77896,-0.555,3.693,4.604,11.8,0.038,0.0,17.958,17.369,16.581,16.077,16.006,18.043,18.752,17.969,17.738,17.624,18.596,0.779
195,1,9.79,-0.07,0.25061,-2.022,3.556,5.029,9.7,0.038,0.0,19.526,19.114,17.751,17.192,16.974,20.26,21.865,20.459,19.59,19.077,21.703,0.251
196,1,9.79,-0.05,0.53445,-1.267,3.608,4.811,8.3,0.035,0.0,16.238,15.727,14.605,13.948,13.82,16.66,17.905,16.66,16.144,15.832,17.902,0.534
197,1,9.79,-0.03,0.13897,-2.672,3.491,5.162,8.9,0.037,0.0,20.351,20.136,18.419,17.892,17.639,21.572,23.759,22.168,20.76,19.949,23.532,0.139
198,1,9.79,0.03,1.23495,-2.504,4.082,7.981,8.8,0.037,0.0,19.829,20.569,20.669,20.736,20.752,20.624,20.35,20.656,20.915,21.141,20.418,0.585
199,1,9.81,-0.61,0.26314,-1.854,3.597,5.045,12.1,0.038,0.0,21.504,20.962,19.86,19.28,19.12,21.901,23.198,21.893,21.376,21.069,23.165,0.263
200,1,9.81,-0.43,0.52252,-1.209,3.628,4.821,11.6,0.038,0.0,19.392,18.855,17.835,17.189,17.068,19.705,20.802,19.659,19.251,19.014,20.781,0.523
201,1,9.81,-0.43,0.27634,-1.873,3.583,5.032,11.8,0.038,0.0,21.251,20.74,19.56,18.991,18.815,21.738,23.147,21.776,21.17,20.806,23.092,0.276
202,1,9.81,-0.35,0.51247,-1.258,3.62,4.831,10.5,0.038,0.0,18.414,17.882,16.831,16.185,16.059,18.759,19.913,18.725,18.284,18.024,19.899,0.512
203,1,9.81,-0.29,0.15373,-2.517,3.514,5.145,9.3,0.037,0.0,20.361,20.057,18.509,17.957,17.718,21.348,23.313,21.722,20.59,19.942,23.126,0.154
204,1,9.81,-0.29,0.58798,-1.06,3.636,4.758,9.5,0.037,0.0,16.921,16.383,15.381,14.732,14.622,17.211,18.259,17.159,16.776,16.554,18.242,0.588
205,1,9.81,-0.27,0.13596,-2.672,3.499,5.183,9.6,0.038,0.0,21.049,20.797,19.156,18.606,18.362,22.167,24.301,22.658,21.369,20.643,24.107,0.136
206,1,9.81,-0.25,0.14172,-2.623,3.502,5.168,9.5,0.037,0.0,20.826,20.562,18.942,18.393,18.15,21.915,24.001,22.379,21.126,20.416,23.806,0.142
207,1,9.81,-0.25,0.99078,0.131,3.781,4.372,10.1,0.038,0.0,14.542,14.037,13.532,13.251,13.215,14.531,14.863,14.474,14.385,14.38,14.697,0.991
208,1,9.81,-0.25,0.26298,-1.953,3.569,5.032,11.4,0.038,0.0,21.053,20.589,19.312,18.75,18.555,21.665,23.183,21.78,21.042,20.601,23.08,0.263
209,1,9.81,-0.23,0.23779,-2.043,3.562,5.052,9.9,0.038,0.0,19.777,19.333,18.024,17.464,17.257,20.434,21.998,20.577,19.793,19.328,21.869,0.238
210,1,9.81,-0.19,0.58343,-1.099,3.629,4.764,7.4,0.032,0.0,14.918,14.384,13.354,12.692,12.578,15.237,16.34,15.191,14.782,14.543,16.337,0.583
211,1,9.81,-0.19,0.46307,-1.424,3.6,4.873,11.6,0.038,0.0,19.93,19.414,18.277,17.647,17.507,20.368,21.658,20.378,19.835,19.506,21.645,0.463
212,1,9.81,-0.13,0.46693,-1.425,3.597,4.868,10.4,0.038,0.0,18.733,18.225,17.067,16.438,16.297,19.197,20.509,19.223,18.652,18.305,20.49,0.467
213,1,9.81,-0.09,0.87746,-0.257,3.735,4.523,12.3,0.038,0.0,17.713,17.133,16.49,16.104,16.05,17.718,18.238,17.648,17.491,17.433,18.035,0.877
214,1,9.81,0.03,0.24981,-2.032,3.55,5.014,11.0,0.038,0.0,20.85,20.46,19.061,18.505,18.276,21.637,23.281,21.875,20.948,20.403,23.091,0.25
215,1,9.81,0.15,0.46182,-1.479,3.584,4.863,10.4,0.038,0.0,18.867,18.414,17.123,16.517,16.359,19.494,20.923,19.643,18.874,18.418,20.848,0.462
216,1,9.81,0.15,0.33068,-1.814,3.56,4.957,10.5,0.038,0.0,19.806,19.395,18.024,17.459,17.251,20.547,22.127,20.762,19.875,19.352,21.973,0.331
217,1,9.83,-0.57,0.26231,-1.869,3.593,5.044,10.1,0.038,0.0,19.542,19.007,17.886,17.309,17.145,19.96,21.289,19.962,19.425,19.105,21.251,0.262
218,1,9.83,-0.53,0.26806,-1.864,3.591,5.039,10.5,0.038,0.0,19.929,19.4,18.266,17.691,17.524,20.363,21.712,20.371,19.82,19.491,21.671,0.268
219,1,9.83,-0.43,0.17569,-2.332,3.543,5.131,9.6,0.038,0.0,20.199,19.803,18.427,17.867,17.634,20.952,22.675,21.137,20.273,19.772,22.506,0.176
220,1,9.83,-0.43,0.2819,-1.855,3.584,5.027,10.2,0.038,0.0,19.607,19.093,17.919,17.348,17.174,20.088,21.488,20.122,19.523,19.162,21.435,0.282
221,1,9.83,-0.41,0.2968,-1.816,3.585,5.014,11.1,0.038,0.0,20.41,19.897,18.724,18.151,17.979,20.89,22.283,20.924,20.326,19.966,22.232,0.297
222,1,9.83,-0.39,0.48238,-1.331,3.615,4.859,11.2,0.038,0.0,19.298,18.764,17.702,17.068,16.936,19.655,20.837,19.627,19.169,18.899,20.82,0.482
223,1,9.83,-0.37,0.1681,-2.4,3.532,5.136,8.4,0.036,0.0,19.17,18.807,17.365,16.808,16.573,20.011,21.819,20.262,19.3,18.743,21.644,0.168
224,1,9.83,-0.31,0.26598,-1.933,3.573,5.033,11.0,0.038,0.0,20.603,20.121,18.873,18.312,18.123,21.175,22.664,21.264,20.568,20.149,22.578,0.266
225,1,9.83,-0.31,0.38723,-1.595,3.592,4.936,12.7,0.038,0.0,21.457,20.941,19.783,19.188,19.031,21.919,23.263,21.947,21.368,21.019,23.228,0.387
226,1,9.83,-0.23,0.73881,-0.617,3.689,4.627,10.5,0.038,0.0,16.812,16.23,15.427,14.91,14.835,16.912,17.631,16.84,16.601,16.479,17.481,0.739
227,1,9.83,-0.21,0.10666,-2.958,3.469,5.245,8.5,0.036,0.0,20.664,20.523,18.686,18.139,17.892,22.057,24.583,22.858,21.197,20.297,24.36,0.107
228,1,9.83,-0.19,0.21826,-2.123,3.556,5.068,10.4,0.038,0.0,20.479,20.059,18.713,18.155,17.935,21.189,22.801,21.365,20.528,20.034,22.644,0.218
229,1,9.83,-0.19,0.3775,-1.644,3.584,4.943,11.4,0.038,0.0,20.28,19.787,18.57,17.986,17.819,20.814,22.224,20.888,20.228,19.831,22.168,0.377
230,1,9.83,-0.15,0.16721,-2.436,3.52,5.124,9.8,0.038,0.0,20.661,20.344,18.81,18.268,18.03,21.627,23.523,21.992,20.878,20.231,23.328,0.167
231,1,9.83,-0.15,0.14649,-2.592,3.502,5.15,10.0,0.038,0.0,21.249,20.99,19.356,18.817,18.572,22.356,24.431,22.839,21.567,20.836,24.225,0.146
232,1,9.83,-0.15,0.75357,-0.602,3.689,4.618,11.8,0.038,0.0,18.075,17.49,16.684,16.166,16.091,18.175,18.904,18.102,17.861,17.739,18.76,0.754
233,1,9.83,-0.03,0.32022,-1.827,3.566,4.981,11.3,0.038,0.0,20.638,20.199,18.873,18.308,18.111,21.315,22.85,21.485,20.667,20.179,22.73,0.32
234,1,9.83,0.01,1.06348,0.287,3.772,4.21,9.8,0.038,0.0,13.852,13.31,12.784,12.491,12.452,13.822,14.198,13.758,13.66,13.648,14.016,1.063
235,1,9.85,-0.57,0.36965,-1.57,3.61,4.963,11.0,0.038,0.0,19.695,19.149,18.089,17.487,17.342,20.048,21.254,20.022,19.554,19.28,21.225,0.37
236,1,9.85,-0.47,0.21527,-2.076,3.574,5.088,10.9,0.038,0.0,20.86,20.364,19.145,18.589,18.399,21.394,22.878,21.451,20.802,20.411,22.8,0.215
237,1,9.85,-0.47,0.67129,-0.737,3.681,4.673,11.2,0.038,0.0,17.812,17.241,16.408,15.865,15.786,17.939,18.678,17.872,17.614,17.478,18.54,0.671
238,1,9.85,-0.43,0.16007,-2.449,3.527,5.147,9.9,0.038,0.0,20.794,20.443,18.985,18.424,18.188,21.658,23.506,21.918,20.938,20.373,23.334,0.16
239,1,9.85,-0.43,0.21658,-2.082,3.571,5.084,11.2,0.038,0.0,21.176,20.693,19.453,18.895,18.7,21.738,23.246,21.814,21.135,20.728,23.155,0.217
240,1,9.85,-0.37,0.36518,-1.648,3.593,4.965,9.3,0.037,0.0,18.191,17.669,16.523,15.933,15.774,18.639,19.979,18.659,18.093,17.753,19.945,0.365
241,1,9.85,-0.33,0.28675,-1.866,3.578,5.019,9.0,0.037,0.0,18.435,17.939,16.719,16.153,15.972,18.971,20.422,19.04,18.38,17.982,20.353,0.287
242,1,9.85,-0.25,0.38785,-1.602,3.589,4.932,10.6,0.038,0.0,19.376,18.871,17.688,17.095,16.934,19.869,21.24,19.916,19.304,18.934,21.198,0.388
243,1,9.85,-0.25,0.19942,-2.187,3.554,5.088,10.7,0.038,0.0,20.937,20.517,19.175,18.617,18.394,21.643,23.266,21.811,20.983,20.496,23.107,0.199
244,1,9.85,-0.21,0.27814,-1.913,3.569,5.018,11.6,0.038,0.0,21.152,20.69,19.409,18.846,18.651,21.769,23.282,21.89,21.144,20.698,23.181,0.278
245,1,9.85,-0.19,0.16253,-2.465,3.518,5.131,9.6,0.038,0.0,20.532,20.22,18.679,18.135,17.896,21.508,23.429,21.879,20.755,20.106,23.236,0.163
246,1,9.85,-0.19,0.41063,-1.552,3.59,4.908,11.9,0.038,0.0,20.55,20.049,18.858,18.259,18.101,21.053,22.423,21.107,20.484,20.108,22.382,0.411
247,1,9.85,-0.15,0.5632,-1.161,3.621,4.781,11.2,0.038,0.0,18.872,18.349,17.287,16.621,16.502,19.229,20.385,19.195,18.753,18.49,20.384,0.563
248,1,9.85,-0.09,0.67764,-0.854,3.652,4.678,11.6,0.038,0.0,18.504,17.952,17.004,16.372,16.278,18.734,19.688,18.666,18.337,18.151,19.664,0.678
249,1,9.85,-0.09,0.55082,-1.21,3.615,4.794,12.3,0.038,0.0,20.096,19.579,18.486,17.824,17.7,20.487,21.689,20.469,19.99,19.702,21.689,0.551
250,1,9.85,-0.07,0.98296,0.09,3.767,4.354,9.1,0.037,0.0,13.645,13.102,12.56,12.253,12.212,13.623,14.015,13.559,13.453,13.435,13.831,0.983
251,1,9.85,-0.03,0.50159,-1.357,3.599,4.838,10.3,0.038,0.0,18.462,17.96,16.798,16.152,16.018,18.929,20.23,18.953,18.386,18.04,20.22,0.502
252,1,9.85,-0.03,0.2856,-1.922,3.56,5.001,11.4,0.038,0.0,20.974,20.552,19.202,18.64,18.43,21.689,23.264,21.881,21.027,20.52,23.118,0.286
253,1,9.85,-0.01,0.27424,-1.959,3.557,5.008,10.3,0.038,0.0,19.969,19.558,18.19,17.63,17.414,20.709,22.307,20.918,20.037,19.516,22.146,0.274
254,1,9.85,0.03,0.30251,-1.864,3.56,4.969,10.0,0.038,0.0,19.43,19.013,17.653,17.09,16.882,20.157,21.733,20.36,19.49,18.975,21.585,0.303
255,1,9.85,0.05,0.29744,-1.883,3.558,4.973,11.4,0.038,0.0,20.878,20.466,19.097,18.535,18.323,21.617,23.206,21.827,20.945,20.424,23.048,0.297
256,1,9.87,-0.61,0.74975,-0.417,3.731,4.599,11.5,0.038,0.0,17.312,16.752,16.093,15.692,15.636,17.343,17.848,17.282,17.112,17.043,17.641,0.75
257,1,9.87,-0.53,0.43103,-1.43,3.616,4.911,12.8,0.038,0.0,21.144,20.601,19.554,18.936,18.799,21.485,22.657,21.453,21.004,20.741,22.63,0.431
258,1,9.87,-0.41,0.3628,-1.642,3.596,4.968,10.8,0.038,0.0,19.675,19.146,18.019,17.428,17.272,20.1,21.416,20.107,19.565,19.24,21.388,0.363
259,1,9.87,-0.41,0.2918,-1.83,3.585,5.017,11.4,0.038,0.0,20.744,20.232,19.056,18.483,18.31,21.228,22.628,21.265,20.662,20.3,22.575,0.292
260,1,9.87,-0.41,0.7553,-0.479,3.716,4.605,12.4,0.038,0.0,18.367,17.79,17.082,16.642,16.58,18.412,18.989,18.345,18.153,18.067,18.788,0.755
261,1,9.87,-0.39,0.55085,-1.133,3.633,4.788,10.9,0.038,0.0,18.502,17.963,16.957,16.31,16.195,18.8,19.863,18.75,18.358,18.131,19.842,0.551
262,1,9.87,-0.39,1.07291,2.402,5.051,6.955,15.1,0.038,0.0,13.864,20.788,21.253,21.415,21.517,20.652,20.18,20.738,21.131,21.492,20.384,0.587
263,1,9.87,-0.37,0.59228,-1.022,3.642,4.748,10.2,0.038,0.0,17.524,16.981,16.005,15.365,15.26,17.787,18.783,17.73,17.37,17.164,18.756,0.592
264,1,9.87,-0.33,0.98334,0.238,3.788,4.288,12.8,0.038,0.0,16.974,16.488,16.001,15.732,15.698,16.97,17.273,16.915,16.836,16.837,17.117,0.983
265,1,9.87,-0.29,0.79846,-0.388,3.725,4.574,12.8,0.038,0.0,18.54,17.961,17.285,16.871,16.814,18.564,19.11,18.496,18.321,18.249,18.904,0.798
266,1,9.87,-0.27,0.61767,-0.973,3.645,4.727,10.8,0.038,0.0,18.002,17.457,16.486,15.845,15.743,18.258,19.245,18.198,17.846,17.644,19.223,0.618
267,1,9.87,-0.27,0.51199,-1.274,3.615,4.829,11.6,0.038,0.0,19.554,19.027,17.955,17.308,17.18,19.923,21.11,19.898,19.434,19.158,21.1,0.512
268,1,9.87,-0.23,0.24834,-2.0,3.565,5.038,10.1,0.038,0.0,19.87,19.419,18.122,17.56,17.358,20.512,22.057,20.645,19.877,19.42,21.938,0.248
269,1,9.87,-0.23,0.54486,-1.19,3.622,4.797,11.1,0.038,0.0,18.846,18.319,17.264,16.604,16.483,19.196,20.346,19.16,18.722,18.462,20.34,0.545
270,1,9.87,-0.21,0.1963,-2.216,3.549,5.089,10.3,0.038,0.0,20.609,20.206,18.835,18.279,18.048,21.357,23.016,21.553,20.681,20.17,22.838,0.196
271,1,9.87,-0.19,0.32901,-1.776,3.577,4.984,10.7,0.038,0.0,19.909,19.428,18.177,17.608,17.429,20.483,21.944,20.582,19.876,19.451,21.87,0.329
272,1,9.87,-0.17,0.9136,-0.087,3.756,4.455,10.6,0.038,0.0,15.588,15.035,14.459,14.123,14.079,15.579,16.008,15.514,15.388,15.356,15.815,0.914
273,1,9.87,-0.17,0.27863,-1.918,3.567,5.014,11.2,0.038,0.0,20.764,20.311,19.013,18.45,18.253,21.404,22.932,21.541,20.77,20.31,22.82,0.279
274,1,9.87,-0.15,0.31713,-1.813,3.573,4.988,10.8,0.038,0.0,20.102,19.634,18.357,17.791,17.605,20.711,22.201,20.832,20.089,19.642,22.112,0.317
275,1,9.87,-0.13,0.23772,-2.058,3.556,5.044,11.1,0.038,0.0,21.015,20.596,19.246,18.687,18.469,21.731,23.334,21.916,21.068,20.567,23.178,0.238
276,1,9.87,-0.11,0.30154,-1.859,3.568,4.994,9.5,0.037,0.0,18.919,18.468,17.164,16.599,16.404,19.567,21.091,19.714,18.93,18.462,20.98,0.302
277,1,9.87,-0.05,0.48936,-1.381,3.598,4.846,10.1,0.038,0.0,18.322,17.821,16.654,16.015,15.877,18.795,20.106,18.825,18.249,17.897,20.091,0.489
278,1,9.87,0.01,0.1385,-2.681,3.489,5.16,9.1,0.037,0.0,20.571,20.365,18.632,18.108,17.853,21.814,24.02,22.431,20.999,20.172,23.787,0.138
279,1,9.87,0.03,0.3009,-1.867,3.56,4.969,9.9,0.038,0.0,19.337,18.92,17.559,16.997,16.788,20.065,21.643,20.269,19.398,18.882,21.493,0.301
280,1,9.87,0.11,1.02858,0.168,3.761,4.271,10.9,0.038,0.0,15.25,14.685,14.128,13.814,13.77,15.22,15.648,15.151,15.036,15.014,15.454,1.029
281,1,9.89,-0.79,0.35772,-1.576,3.62,4.996,12.7,0.038,0.0,21.411,20.858,19.839,19.242,19.099,21.724,22.851,21.686,21.256,21.008,22.795,0.358
282,1,9.89,-0.55,0.16967,-2.353,3.544,5.143,10.3,0.038,0.0,20.953,20.548,19.193,18.629,18.398,21.679,23.396,21.837,21.009,20.531,23.234,0.17
283,1,9.89,-0.47,0.14453,-2.569,3.515,5.172,7.9,0.034,0.0,19.093,18.779,17.255,16.69,16.452,20.047,22.028,20.385,19.294,18.68,21.858,0.145
284,1,9.89,-0.43,0.31788,-1.751,3.591,5.0,9.8,0.038,0.0,18.948,18.424,17.279,16.699,16.534,19.395,20.747,19.412,18.847,18.508,20.708,0.318
285,1,9.89,-0.39,0.35868,-1.66,3.593,4.972,12.0,0.038,0.0,20.92,20.396,19.256,18.667,18.508,21.361,22.696,21.377,20.818,20.483,22.663,0.359
286,1,9.89,-0.37,0.13715,-2.649,3.504,5.186,9.7,0.038,0.0,21.093,20.819,19.221,18.662,18.421,22.152,24.24,22.585,21.367,20.685,24.058,0.137
287,1,9.89,-0.37,0.25954,-1.94,3.575,5.039,10.5,0.038,0.0,20.119,19.626,18.398,17.838,17.652,20.663,22.134,20.733,20.067,19.665,22.059,0.26
288,1,9.89,-0.29,0.46194,-1.404,3.605,4.874,11.2,0.038,0.0,19.481,18.955,17.849,17.222,17.084,19.884,21.135,19.876,19.369,19.065,21.121,0.462
289,1,9.89,-0.25,0.52272,-1.247,3.617,4.818,10.9,0.038,0.0,18.787,18.26,17.192,16.541,16.415,19.151,20.329,19.124,18.666,18.394,20.32,0.523
290,1,9.89,-0.23,0.26297,-1.954,3.568,5.028,9.5,0.037,0.0,19.154,18.694,17.41,16.847,16.65,19.777,21.302,19.9,19.15,18.701,21.194,0.263
291,1,9.89,-0.21,0.53387,-1.225,3.618,4.807,10.6,0.038,0.0,18.432,17.908,16.837,16.182,16.057,18.798,19.975,18.771,18.314,18.042,19.969,0.534
292,1,9.89,-0.21,0.39307,-1.593,3.588,4.923,11.9,0.038,0.0,20.653,20.154,18.956,18.364,18.202,21.163,22.546,21.221,20.59,20.209,22.5,0.393
293,1,9.89,-0.17,0.97734,0.128,3.774,4.341,9.9,0.038,0.0,14.351,13.826,13.302,13.008,12.97,14.334,14.695,14.273,14.175,14.164,14.519,0.977
294,1,9.89,-0.17,0.57373,-1.125,3.626,4.77,11.6,0.038,0.0,19.183,18.656,17.611,16.943,16.827,19.521,20.649,19.479,19.057,18.807,20.649,0.574
295,1,9.89,-0.15,0.64922,-0.911,3.648,4.7,10.3,0.038,0.0,17.347,16.8,15.836,15.196,15.099,17.593,18.57,17.529,17.187,16.992,18.552,0.649
296,1,9.89,-0.15,0.7479,-0.607,3.688,4.616,11.8,0.038,0.0,18.087,17.503,16.694,16.172,16.097,18.19,18.924,18.117,17.874,17.751,18.782,0.748
297,1,9.89,-0.07,0.76668,-0.579,3.689,4.603,10.1,0.038,0.0,16.317,15.729,14.924,14.407,14.333,16.415,17.149,16.34,16.1,15.979,17.007,0.767
298,1,9.89,0.05,0.8911,-0.238,3.73,4.492,11.4,0.038,0.0,16.766,16.175,15.517,15.123,15.068,16.77,17.32,16.696,16.533,16.471,17.115,0.891
299,1,9.91,-0.61,0.52014,-1.164,3.64,4.823,11.8,0.038,0.0,19.48,18.933,17.959,17.334,17.22,19.744,20.742,19.69,19.323,19.113,20.695,0.52
300,1,9.91,-0.61,0.82265,-0.151,3.764,4.505,12.0,0.038,0.0,17.147,16.635,16.074,15.747,15.706,17.163,17.543,17.107,16.987,16.957,17.363,0.823
301,1,9.91,-0.59,0.2477,-1.908,3.592,5.055,10.6,0.038,0.0,20.141,19.608,18.483,17.907,17.741,20.564,21.9,20.567,20.026,19.703,21.86,0.248
302,1,9.91,-0.51,0.54413,-1.118,3.639,4.794,11.2,0.038,0.0,18.764,18.22,17.24,16.605,16.494,19.034,20.043,18.98,18.611,18.399,20.008,0.544
303,1,9.91,-0.49,0.75885,-0.425,3.725,4.591,12.0,0.038,0.0,17.833,17.263,16.587,16.173,16.115,17.865,18.395,17.801,17.624,17.549,18.186,0.759
304,1,9.91,-0.45,1.00973,0.514,3.784,4.01,11.7,0.038,0.0,15.186,14.702,14.202,13.924,13.889,15.189,15.494,15.136,15.051,15.046,15.337,1.01
305,1,9.91,-0.43,0.38399,-1.575,3.6,4.944,10.9,0.038,0.0,19.606,19.069,17.966,17.365,17.217,20.004,21.281,19.996,19.483,19.177,21.262,0.384
306,1,9.91,-0.43,0.31626,-1.755,3.59,5.001,11.5,0.038,0.0,20.656,20.132,18.986,18.407,18.242,21.104,22.458,21.122,20.556,20.216,22.418,0.316
307,1,9.91,-0.41,0.43219,-1.455,3.607,4.901,10.3,0.038,0.0,18.708,18.173,17.086,16.47,16.329,19.09,20.326,19.074,18.583,18.292,20.308,0.432
308,1,9.91,-0.41,0.25513,-1.94,3.578,5.042,11.2,0.038,0.0,20.82,20.32,19.111,18.548,18.365,21.342,22.794,21.398,20.756,20.37,22.726,0.255
309,1,9.91,-0.39,0.27782,-1.878,3.58,5.026,10.8,0.038,0.0,20.264,19.761,18.56,17.993,17.814,20.776,22.209,20.828,20.196,19.815,22.146,0.278
310,1,9.91,-0.35,0.57772,-1.064,3.638,4.761,11.1,0.038,0.0,18.531,17.991,16.998,16.353,16.244,18.813,19.844,18.759,18.383,18.166,19.821,0.578
311,1,9.91,-0.35,0.24432,-1.993,3.571,5.049,11.4,0.038,0.0,21.152,20.674,19.423,18.863,18.67,21.728,23.231,21.817,21.119,20.701,23.139,0.244
312,1,9.91,-0.33,0.16821,-2.403,3.53,5.132,9.5,0.037,0.0,20.278,19.924,18.466,17.911,17.676,21.14,22.961,21.409,20.422,19.851,22.783,0.168
313,1,9.91,-0.33,0.40623,-1.536,3.597,4.916,11.9,0.038,0.0,20.51,19.987,18.852,18.247,18.097,20.945,22.254,20.956,20.408,20.078,22.23,0.406
314,1,9.91,-0.31,0.11863,-2.822,3.486,5.224,9.3,0.037,0.0,21.124,20.914,19.2,18.644,18.402,22.347,24.657,22.956,21.518,20.733,24.462,0.119
315,1,9.91,-0.31,0.32801,-1.756,3.584,4.99,9.6,0.038,0.0,18.759,18.256,17.06,16.484,16.312,19.268,20.677,19.322,18.692,18.312,20.621,0.328
316,1,9.91,-0.31,0.31819,-1.781,3.582,4.996,10.7,0.038,0.0,19.921,19.421,18.217,17.644,17.469,20.438,21.858,20.497,19.858,19.472,21.799,0.318
317,1,9.91,-0.31,0.28924,-1.859,3.577,5.013,11.8,0.038,0.0,21.218,20.726,19.498,18.933,18.751,21.762,23.219,21.836,21.168,20.764,23.147,0.289
318,1,9.91,-0.21,1.01002,0.28,3.78,4.228,11.9,0.038,0.0,15.97,15.46,14.953,14.672,14.636,15.955,16.29,15.897,15.808,15.803,16.122,1.01
319,1,9.91,-0.15,0.18786,-2.285,3.538,5.097,10.7,0.038,0.0,21.183,20.814,19.377,18.828,18.595,22.018,23.76,22.282,21.312,20.745,23.574,0.188
320,1,9.91,-0.15,0.46201,-1.429,3.598,4.869,10.9,0.038,0.0,19.242,18.732,17.578,16.951,16.809,19.699,21.008,19.722,19.157,18.815,20.99,0.462
321,1,9.91,-0.11,0.45486,-1.456,3.594,4.874,11.2,0.038,0.0,19.609,19.109,17.928,17.309,17.162,20.1,21.44,20.145,19.541,19.175,21.411,0.455
322,2,10.03,-0.75,0.25092,-1.868,3.602,5.059,11.7,0.038,0.0,21.139,20.59,19.514,18.934,18.776,21.507,22.759,21.489,20.999,20.71,22.721,0.251
323,2,10.03,-0.63,0.80411,-0.122,3.765,4.471,12.8,0.038,0.0,17.874,17.366,16.808,16.484,16.443,17.891,18.265,17.836,17.718,17.689,18.087,0.804
324,2,10.05,-1.03,0.51182,-1.12,3.655,4.833,11.0,0.038,0.0,18.571,18.013,17.099,16.518,16.408,18.777,19.644,18.723,18.397,18.213,19.523,0.512
325,2,10.05,-0.95,0.12904,-2.641,3.524,5.233,9.2,0.037,0.0,20.572,20.213,18.779,18.194,17.983,21.399,23.335,21.611,20.679,20.169,23.212,0.129
326,2,10.05,-0.93,0.59319,-0.852,3.681,4.732,14.0,0.038,0.0,20.899,20.334,19.504,18.973,18.885,21.031,21.746,20.971,20.708,20.568,21.575,0.593
327,2,10.05,-0.91,0.24146,-1.892,3.603,5.071,11.1,0.038,0.0,20.601,20.049,18.982,18.408,18.246,20.959,22.194,20.937,20.455,20.174,22.144,0.241
328,2,10.05,-0.91,0.2758,-1.779,3.61,5.044,11.3,0.038,0.0,20.519,19.966,18.92,18.34,18.184,20.857,22.046,20.829,20.369,20.101,21.988,0.276
329,2,10.05,-0.87,0.25792,-1.837,3.606,5.056,11.0,0.038,0.0,20.362,19.81,18.75,18.172,18.014,20.714,21.933,20.69,20.216,19.939,21.883,0.258
330,2,10.05,-0.85,0.33814,-1.613,3.619,5.003,12.5,0.038,0.0,21.301,20.748,19.727,19.136,18.99,21.616,22.747,21.58,21.146,20.896,22.685,0.338
331,2,10.05,-0.85,0.59185,-0.87,3.676,4.73,13.5,0.038,0.0,20.445,19.88,19.031,18.484,18.395,20.588,21.332,20.527,20.255,20.109,21.178,0.592
332,2,10.05,-0.85,0.82336,0.093,3.788,4.36,14.0,0.038,0.0,18.537,18.091,17.594,17.315,17.282,18.573,18.858,18.525,18.44,18.434,18.711,0.823
333,2,10.05,-0.83,0.26229,-1.826,3.606,5.052,9.9,0.038,0.0,19.235,18.684,17.622,17.042,16.885,19.588,20.81,19.565,19.09,18.812,20.763,0.262
334,2,10.05,-0.83,0.93633,0.421,4.687,7.489,12.3,0.038,0.0,16.017,20.574,21.003,21.156,21.254,20.459,20.005,20.547,20.91,21.277,20.191,0.599
335,2,10.05,-0.83,0.90501,1.559,4.879,7.125,13.3,0.038,0.0,14.172,19.851,20.297,20.451,20.547,19.73,19.274,19.811,20.193,20.546,19.469,0.61
336,2,10.05,-0.81,0.28081,-1.77,3.609,5.039,11.8,0.038,0.0,20.996,20.444,19.392,18.807,18.654,21.341,22.542,21.314,20.848,20.577,22.494,0.281
337,2,10.05,-0.81,0.43996,-1.352,3.632,4.909,12.7,0.038,0.0,20.85,20.299,19.312,18.705,18.576,21.13,22.169,21.083,20.691,20.467,22.101,0.44
338,2,10.05,-0.79,0.16604,-2.33,3.554,5.15,10.5,0.038,0.0,21.096,20.657,19.366,18.798,18.58,21.736,23.387,21.831,21.099,20.678,23.25,0.166
339,2,10.05,-0.79,0.59078,-0.884,3.672,4.728,12.1,0.038,0.0,19.079,18.515,17.653,17.095,17.005,19.233,20.002,19.171,18.892,18.74,19.862,0.591
340,2,10.05,-0.79,0.82645,0.086,3.786,4.359,12.4,0.038,0.0,16.955,16.499,15.997,15.714,15.681,16.985,17.28,16.937,16.848,16.841,17.129,0.826
341,2,10.05,-0.79,0.59575,-0.866,3.674,4.722,13.0,0.038,0.0,19.936,19.371,18.516,17.962,17.873,20.084,20.841,20.022,19.747,19.598,20.697,0.596
342,2,10.05,-0.79,0.48471,-1.229,3.641,4.861,13.3,0.038,0.0,21.143,20.592,19.627,19.018,18.9,21.399,22.38,21.347,20.981,20.773,22.309,0.485
343,2,10.05,-0.77,0.19783,-2.082,3.588,5.113,10.6,0.038,0.0,20.576,20.047,18.911,18.343,18.169,21.011,22.38,21.018,20.466,20.139,22.327,0.198
344,2,10.05,-0.77,0.16514,-2.341,3.552,5.15,10.7,0.038,0.0,21.322,20.89,19.589,19.02,18.799,21.977,23.642,22.079,21.334,20.905,23.498,0.165
345,2,10.05,-0.77,0.39945,-1.455,3.625,4.941,12.3,0.038,0.0,20.709,20.158,19.151,18.541,18.404,21.012,22.106,20.969,20.554,20.316,22.047,0.399
346,2,10.05,-0.77,0.84749,0.196,3.791,4.279,12.6,0.038,0.0,16.88,16.433,15.944,15.672,15.639,16.91,17.188,16.862,16.782,16.779,17.043,0.847
347,2,10.05,-0.75,0.3496,-1.589,3.619,4.994,10.3,0.038,0.0,19.043,18.491,17.467,16.869,16.726,19.362,20.501,19.326,18.89,18.639,20.45,0.35
348,2,10.05,-0.75,0.59564,-0.873,3.672,4.72,11.6,0.038,0.0,18.554,17.99,17.126,16.565,16.475,18.709,19.482,18.647,18.367,18.214,19.347,0.596
349,2,10.05,-0.75,0.59312,-0.882,3.671,4.724,12.1,0.038,0.0,19.075,18.512,17.645,17.082,16.992,19.233,20.013,19.171,18.889,18.735,19.88,0.593
350,2,10.05,-0.75,0.63694,-0.719,3.693,4.679,12.2,0.038,0.0,18.767,18.197,17.409,16.909,16.831,18.866,19.528,18.803,18.567,18.446,19.341,0.637
351,2,10.05,-0.75,0.90529,1.593,3.682,2.476,13.8,0.038,0.0,14.588,14.026,13.191,12.649,12.572,14.715,15.415,14.657,14.402,14.262,15.123,0.905
352,2,10.05,-0.73,0.19942,-2.073,3.589,5.111,10.7,0.038,0.0,20.653,20.123,18.989,18.42,18.247,21.087,22.45,21.093,20.542,20.216,22.399,0.199
353,2,10.05,-0.73,0.74775,-0.294,3.75,4.552,11.6,0.038,0.0,17.104,16.573,15.973,15.617,15.568,17.127,17.553,17.07,16.929,16.881,17.358,0.748
354,2,10.05,-0.73,0.75011,-0.284,3.751,4.548,11.9,0.038,0.0,17.38,16.852,16.254,15.901,15.853,17.403,17.825,17.347,17.206,17.161,17.632,0.75
355,2,10.05,-0.73,0.8562,0.229,3.79,4.246,12.1,0.038,0.0,16.297,15.845,15.355,15.081,15.049,16.323,16.605,16.275,16.194,16.191,16.459,0.856
356,2,10.05,-0.73,0.29799,-1.722,3.611,5.024,12.3,0.038,0.0,21.375,20.825,19.775,19.185,19.035,21.718,22.912,21.69,21.228,20.959,22.869,0.298
357,2,10.05,-0.73,0.4148,-1.42,3.627,4.928,12.5,0.038,0.0,20.821,20.272,19.266,18.653,18.519,21.121,22.208,21.077,20.667,20.431,22.153,0.415
358,2,10.05,-0.71,0.22225,-1.982,3.594,5.09,10.3,0.038,0.0,20.025,19.486,18.376,17.802,17.636,20.43,21.745,20.426,19.901,19.59,21.703,0.222
359,2,10.05,-0.71,0.21213,-2.022,3.592,5.099,11.5,0.038,0.0,21.325,20.791,19.669,19.097,18.928,21.744,23.08,21.744,21.207,20.889,23.034,0.212
360,2,10.05,-0.71,0.4367,-1.368,3.629,4.91,12.1,0.038,0.0,20.29,19.741,18.743,18.127,17.998,20.583,21.65,20.537,20.136,19.905,21.596,0.437
361,2,10.05,-0.71,0.45369,-1.325,3.632,4.895,12.4,0.038,0.0,20.483,19.933,18.943,18.327,18.201,20.767,21.814,20.719,20.327,20.102,21.759,0.454
362,2,10.05,-0.71,0.49587,-1.206,3.64,4.847,13.3,0.038,0.0,21.084,20.534,19.567,18.951,18.835,21.343,22.33,21.29,20.924,20.715,22.269,0.496
363,2,10.05,-0.69,0.43104,-1.384,3.628,4.914,11.0,0.038,0.0,19.229,18.68,17.677,17.06,16.93,19.526,20.604,19.481,19.075,18.842,20.554,0.431
364,2,10.05,-0.69,0.22144,-1.986,3.594,5.09,11.3,0.038,0.0,21.036,20.499,19.385,18.811,18.645,21.446,22.767,21.444,20.914,20.601,22.725,0.221
365,2,10.05,-0.69,0.30833,-1.697,3.612,5.018,12.3,0.038,0.0,21.313,20.763,19.714,19.121,18.973,21.655,22.845,21.626,21.166,20.898,22.805,0.308
366,2,10.05,-0.69,0.55871,-1.009,3.656,4.765,12.8,0.038,0.0,20.092,19.537,18.618,18.017,17.917,20.3,21.177,20.239,19.92,19.741,21.093,0.559
367,2,10.05,-0.67,0.57264,-0.966,3.66,4.747,10.5,0.038,0.0,17.684,17.128,16.221,15.627,15.53,17.881,18.736,17.819,17.51,17.337,18.644,0.573
368,2,10.05,-0.67,0.57844,-0.946,3.662,4.74,11.7,0.038,0.0,18.836,18.278,17.377,16.788,16.692,19.025,19.869,18.963,18.659,18.489,19.77,0.578
369,2,10.05,-0.67,0.25459,-1.852,3.601,5.046,11.8,0.038,0.0,21.201,20.653,19.57,18.988,18.831,21.576,22.838,21.559,21.063,20.77,22.807,0.255
370,2,10.05,-0.67,0.39788,-1.467,3.622,4.94,13.1,0.038,0.0,21.538,20.99,19.97,19.356,19.22,21.853,22.973,21.812,21.388,21.142,22.928,0.398
371,2,10.05,-0.67,0.90852,0.84,3.704,3.316,13.7,0.038,0.0,16.37,15.803,15.047,14.57,14.503,16.446,17.049,16.386,16.17,16.063,16.795,0.909
372,2,10.05,-0.65,0.37202,-1.532,3.618,4.958,8.6,0.036,0.0,17.2,16.651,15.618,15.01,14.87,17.526,18.677,17.491,17.051,16.796,18.638,0.372
373,2,10.05,-0.65,0.19438,-2.122,3.58,5.113,10.1,0.038,0.0,20.174,19.661,18.483,17.921,17.738,20.658,22.096,20.686,20.088,19.731,22.033,0.194
374,2,10.05,-0.65,0.19802,-2.094,3.584,5.109,11.3,0.038,0.0,21.304,20.784,19.624,19.059,18.881,21.768,23.173,21.788,21.209,20.864,23.117,0.198
375,2,10.05,-0.65,0.40753,-1.449,3.622,4.931,12.7,0.038,0.0,21.093,20.546,19.524,18.908,18.772,21.409,22.533,21.369,20.944,20.698,22.49,0.408
376,2,10.05,-0.63,0.24095,-1.917,3.594,5.06,9.8,0.038,0.0,19.362,18.824,17.711,17.134,16.97,19.771,21.089,19.769,19.24,18.926,21.051,0.241
377,2,10.05,-0.63,0.17176,-2.302,3.554,5.136,10.9,0.038,0.0,21.426,20.991,19.689,19.125,18.903,22.08,23.724,22.19,21.438,21.002,23.579,0.172
378,2,10.05,-0.63,0.19538,-2.119,3.579,5.111,11.1,0.038,0.0,21.168,20.656,19.474,18.913,18.73,21.656,23.098,21.687,21.084,20.724,23.034,0.195
379,2,10.05,-0.63,0.21946,-2.005,3.589,5.086,11.3,0.038,0.0,21.081,20.553,19.415,18.844,18.673,21.519,22.88,21.528,20.973,20.643,22.833,0.219
380,2,10.05,-0.63,0.49617,-1.22,3.636,4.845,11.4,0.038,0.0,19.221,18.674,17.69,17.066,16.948,19.495,20.518,19.444,19.065,18.848,20.47,0.496
381,2,10.05,-0.63,0.34485,-1.603,3.613,4.977,11.6,0.038,0.0,20.378,19.83,18.781,18.18,18.036,20.72,21.906,20.69,20.233,19.966,21.871,0.345
382,2,10.05,-0.63,0.35113,-1.587,3.614,4.972,11.7,0.038,0.0,20.438,19.89,18.844,18.241,18.098,20.778,21.958,20.747,20.293,20.028,21.922,0.351
383,2,10.05,-0.63,0.54694,-1.063,3.649,4.78,12.9,0.038,0.0,20.327,19.777,18.831,18.211,18.106,20.56,21.49,20.5,20.163,19.971,21.432,0.547
384,2,10.05,-0.61,0.51673,-1.162,3.64,4.819,10.5,0.038,0.0,18.176,17.629,16.655,16.03,15.917,18.44,19.437,18.386,18.019,17.809,19.389,0.517
385,2,10.05,-0.61,0.76129,-0.293,3.745,4.54,11.5,0.038,0.0,17.002,16.46,15.845,15.479,15.429,17.022,17.47,16.963,16.816,16.764,17.272,0.761
386,2,10.05,-0.61,0.38023,-1.525,3.615,4.951,12.0,0.038,0.0,20.582,20.036,18.993,18.385,18.244,20.92,22.09,20.887,20.438,20.176,22.056,0.38
387,2,10.05,-0.59,0.70313,-0.526,3.715,4.617,13.7,0.038,0.0,19.786,19.216,18.503,18.06,17.997,19.839,20.41,19.775,19.579,19.49,20.205,0.703
388,2,10.05,-0.57,0.4526,-1.357,3.623,4.889,12.9,0.038,0.0,21.064,20.52,19.496,18.868,18.738,21.382,22.503,21.341,20.918,20.674,22.469,0.453
389,2,10.05,-0.57,0.53858,-1.105,3.643,4.791,13.5,0.038,0.0,21.032,20.485,19.519,18.891,18.782,21.288,22.266,21.231,20.874,20.67,22.22,0.539
390,2,10.05,-0.55,0.81274,-0.124,3.762,4.466,11.6,0.038,0.0,16.681,16.162,15.597,15.268,15.226,16.693,17.081,16.636,16.515,16.483,16.898,0.813
391,2,10.05,-0.55,0.58953,-0.95,3.657,4.731,12.0,0.038,0.0,19.144,18.591,17.669,17.06,16.963,19.353,20.236,19.29,18.974,18.796,20.166,0.59
392,2,10.05,-0.55,0.6511,-0.732,3.685,4.668,12.4,0.038,0.0,19.0,18.429,17.609,17.078,16.999,19.119,19.835,19.053,18.802,18.67,19.682,0.651
393,2,10.05,-0.53,0.73229,-0.446,3.723,4.588,10.1,0.038,0.0,15.984,15.415,14.732,14.311,14.252,16.021,16.558,15.957,15.776,15.698,16.349,0.732
394,2,10.05,-0.53,0.72598,-0.469,3.72,4.595,12.5,0.038,0.0,18.443,17.873,17.178,16.749,16.689,18.485,19.036,18.421,18.234,18.153,18.829,0.726
395,2,10.05,-0.53,0.75988,-0.342,3.737,4.553,13.5,0.038,0.0,19.124,18.569,17.928,17.54,17.487,19.148,19.633,19.087,18.926,18.866,19.429,0.76
396,2,10.05,-0.51,0.20383,-2.101,3.575,5.094,11.4,0.038,0.0,21.423,20.921,19.713,19.158,18.968,21.943,23.42,21.99,21.356,20.974,23.346,0.204
397,2,10.05,-0.51,0.31881,-1.712,3.598,4.994,11.5,0.038,0.0,20.551,20.009,18.909,18.323,18.167,20.945,22.235,20.937,20.423,20.117,22.211,0.319
398,2,10.05,-0.49,0.57644,-1.01,3.648,4.748,10.5,0.038,0.0,17.795,17.247,16.295,15.665,15.563,18.033,18.976,17.972,17.634,17.441,18.935,0.576
399,2,10.05,-0.49,0.38045,-1.56,3.605,4.946,12.0,0.038,0.0,20.671,20.129,19.048,18.446,18.3,21.045,22.288,21.027,20.538,20.249,22.267,0.38
400,2,10.05,-0.49,0.49276,-1.265,3.626,4.844,12.2,0.038,0.0,20.132,19.593,18.571,17.93,17.805,20.448,21.554,20.402,19.99,19.75,21.529,0.493
401,2,10.05,-0.47,0.19388,-2.172,3.565,5.102,10.3,0.038,0.0,20.499,20.032,18.771,18.213,18.007,21.094,22.646,21.183,20.477,20.058,22.535,0.194
402,2,10.05,-0.43,0.70902,-0.577,3.701,4.617,14.3,0.038,0.0,20.512,19.932,19.173,18.692,18.623,20.583,21.222,20.516,20.299,20.193,21.031,0.709
403,2,10.05,-0.41,0.44675,-1.412,3.61,4.885,13.1,0.038,0.0,21.401,20.866,19.789,19.166,19.028,21.773,22.99,21.752,21.275,20.991,22.972,0.447
404,2,10.07,-0.99,0.43755,-1.342,3.636,4.913,10.1,0.038,0.0,18.226,17.671,16.702,16.109,15.98,18.487,19.485,18.44,18.061,17.845,19.391,0.438
405,2,10.07,-0.99,0.4236,-1.378,3.634,4.925,12.1,0.038,0.0,20.314,19.76,18.785,18.192,18.06,20.583,21.598,20.538,20.151,19.93,21.506,0.424
406,2,10.07,-0.97,0.40004,-1.439,3.63,4.944,12.0,0.038,0.0,20.368,19.814,18.826,18.232,18.095,20.651,21.699,20.607,20.207,19.978,21.612,0.4
407,2,10.07,-0.97,0.59839,-0.822,3.686,4.725,12.3,0.038,0.0,19.124,18.559,17.746,17.231,17.145,19.244,19.933,19.185,18.931,18.798,19.749,0.598
408,2,10.07,-0.95,0.21597,-1.989,3.598,5.099,10.5,0.038,0.0,20.242,19.693,18.61,18.04,17.873,20.617,21.89,20.6,20.103,19.811,21.839,0.216
409,2,10.07,-0.87,0.53895,-1.047,3.658,4.793,10.1,0.038,0.0,17.487,16.93,16.021,15.435,15.331,17.687,18.544,17.63,17.313,17.135,18.436,0.539
410,2,10.07,-0.87,0.6393,-0.681,3.702,4.679,13.9,0.038,0.0,20.373,19.804,19.05,18.577,18.503,20.453,21.066,20.393,20.171,20.063,20.857,0.639
411,2,10.07,-0.85,0.78182,-0.092,3.774,4.465,12.5,0.038,0.0,17.501,17.023,16.487,16.178,16.14,17.532,17.867,17.481,17.374,17.351,17.702,0.782
412,2,10.07,-0.83,0.39615,-1.459,3.626,4.946,11.8,0.038,0.0,20.218,19.667,18.664,18.059,17.922,20.516,21.599,20.473,20.062,19.826,21.533,0.396
413,2,10.07,-0.83,0.43751,-1.355,3.633,4.911,12.0,0.038,0.0,20.158,19.607,18.621,18.016,17.887,20.437,21.473,20.39,19.999,19.775,21.403,0.438
414,2,10.07,-0.83,0.52437,-1.1,3.652,4.811,12.3,0.038,0.0,19.819,19.265,18.336,17.735,17.628,20.038,20.935,19.981,19.65,19.463,20.846,0.524
415,2,10.07,-0.81,0.40084,-1.448,3.626,4.94,10.8,0.038,0.0,19.191,18.64,17.637,17.03,16.894,19.489,20.573,19.446,19.035,18.799,20.508,0.401
416,2,10.07,-0.81,0.50158,-1.176,3.645,4.84,11.6,0.038,0.0,19.311,18.759,17.807,17.2,17.086,19.553,20.501,19.498,19.146,18.946,20.424,0.502
417,2,10.07,-0.81,0.87789,0.519,3.74,3.768,12.5,0.038,0.0,15.972,15.438,14.802,14.418,14.367,16.009,16.46,15.954,15.797,15.735,16.252,0.878
418,2,10.07,-0.81,0.466,-1.28,3.637,4.882,12.8,0.038,0.0,20.769,20.218,19.245,18.637,18.515,21.034,22.037,20.984,20.608,20.393,21.965,0.466
419,2,10.07,-0.79,0.67574,-0.556,3.717,4.64,13.7,0.038,0.0,19.861,19.297,18.594,18.161,18.095,19.915,20.467,19.855,19.66,19.572,20.257,0.676
420,2,10.07,-0.75,0.82729,0.107,3.785,4.334,14.6,0.038,0.0,19.103,18.642,18.138,17.854,17.82,19.13,19.429,19.08,18.991,18.983,19.276,0.827
421,2,10.07,-0.73,0.39252,-1.476,3.624,4.948,10.7,0.038,0.0,19.159,18.61,17.596,16.986,16.849,19.468,20.576,19.427,19.006,18.764,20.524,0.393
422,2,10.07,-0.73,0.23814,-1.916,3.599,5.071,11.6,0.038,0.0,21.16,20.613,19.524,18.947,18.786,21.542,22.819,21.528,21.024,20.727,22.782,0.238
423,2,10.07,-0.73,0.29897,-1.717,3.611,5.022,12.0,0.038,0.0,21.063,20.513,19.464,18.873,18.724,21.406,22.598,21.377,20.916,20.647,22.555,0.299
424,2,10.07,-0.73,0.42708,-1.389,3.629,4.918,12.5,0.038,0.0,20.743,20.194,19.193,18.58,18.449,21.037,22.11,20.992,20.588,20.356,22.054,0.427
425,2,10.07,-0.73,0.48426,-1.235,3.639,4.859,13.5,0.038,0.0,21.357,20.807,19.836,19.221,19.103,21.62,22.617,21.568,21.197,20.985,22.555,0.484
426,2,10.07,-0.71,0.25687,-1.849,3.603,5.053,10.3,0.038,0.0,19.692,19.143,18.067,17.485,17.328,20.06,21.31,20.042,19.552,19.264,21.275,0.257
427,2,10.07,-0.71,0.31259,-1.684,3.613,5.014,10.5,0.038,0.0,19.479,18.928,17.884,17.29,17.143,19.817,20.999,19.787,19.331,19.065,20.957,0.313
428,2,10.07,-0.71,0.28591,-1.759,3.608,5.032,12.2,0.038,0.0,21.367,20.818,19.759,19.17,19.019,21.719,22.932,21.694,21.223,20.947,22.892,0.286
429,2,10.07,-0.69,0.72623,-0.379,3.738,4.578,11.3,0.038,0.0,17.017,16.47,15.834,15.451,15.398,17.046,17.518,16.987,16.828,16.767,17.315,0.726
430,2,10.07,-0.69,0.6382,-0.72,3.691,4.673,11.9,0.038,0.0,18.469,17.898,17.103,16.594,16.517,18.572,19.248,18.509,18.269,18.145,19.07,0.638
431,2,10.07,-0.69,0.43308,-1.377,3.628,4.912,12.0,0.038,0.0,20.214,19.665,18.663,18.046,17.917,20.51,21.585,20.464,20.06,19.828,21.535,0.433
432,2,10.07,-0.69,0.39151,-1.481,3.623,4.948,12.1,0.038,0.0,20.573,20.024,19.006,18.394,18.257,20.885,22.003,20.845,20.421,20.177,21.956,0.392
433,2,10.07,-0.69,0.8461,0.189,3.786,4.266,13.4,0.038,0.0,17.698,17.235,16.735,16.455,16.421,17.72,18.016,17.671,17.584,17.578,17.864,0.846
434,2,10.07,-0.69,0.56948,-0.969,3.66,4.749,13.6,0.038,0.0,20.792,20.235,19.33,18.738,18.641,20.987,21.839,20.925,20.617,20.444,21.743,0.569
435,2,10.07,-0.67,0.63944,-0.721,3.69,4.671,10.2,0.038,0.0,16.772,16.201,15.402,14.891,14.813,16.876,17.557,16.813,16.571,16.447,17.382,0.639
436,2,10.07,-0.67,0.16947,-2.32,3.553,5.143,10.7,0.038,0.0,21.271,20.839,19.534,18.968,18.745,21.929,23.584,22.039,21.285,20.849,23.437,0.169
437,2,10.07,-0.67,0.90701,2.562,5.04,6.738,11.8,0.038,0.0,10.165,17.007,17.471,17.632,17.734,16.872,16.401,16.958,17.35,17.71,16.605,0.57
438,2,10.07,-0.67,0.74641,-0.302,3.746,4.544,13.1,0.038,0.0,18.625,18.087,17.475,17.111,17.061,18.648,19.09,18.59,18.443,18.392,18.892,0.746
439,2,10.07,-0.65,0.79068,-0.125,3.764,4.464,8.4,0.036,0.0,13.483,12.973,12.414,12.088,12.047,13.499,13.875,13.444,13.325,13.295,13.696,0.791
440,2,10.07,-0.65,0.28042,-1.774,3.604,5.024,9.3,0.037,0.0,18.506,17.957,16.884,16.298,16.144,18.871,20.112,18.851,18.365,18.08,20.08,0.28
441,2,10.07,-0.65,0.6013,-0.872,3.669,4.709,12.7,0.038,0.0,19.65,19.088,18.21,17.637,17.546,19.817,20.618,19.753,19.466,19.308,20.501,0.601
442,2,10.07,-0.63,0.47648,-1.274,3.632,4.866,11.8,0.038,0.0,19.755,19.209,18.215,17.59,17.468,20.042,21.092,19.993,19.602,19.377,21.047,0.476
443,2,10.07,-0.63,0.43966,-1.374,3.625,4.903,12.4,0.038,0.0,20.606,20.06,19.046,18.422,18.292,20.914,22.014,20.87,20.456,20.218,21.973,0.44
444,2,10.07,-0.63,0.69586,-0.526,3.717,4.619,12.9,0.038,0.0,18.985,18.416,17.71,17.272,17.209,19.036,19.599,18.973,18.779,18.692,19.392,0.696
445,2,10.07,-0.61,0.33521,-1.634,3.61,4.983,9.9,0.038,0.0,18.756,18.208,17.15,16.552,16.406,19.108,20.316,19.082,18.613,18.339,20.284,0.335
446,2,10.07,-0.61,0.19126,-2.152,3.574,5.112,11.3,0.038,0.0,21.451,20.951,19.742,19.186,18.995,21.972,23.46,22.017,21.384,21.006,23.383,0.191
447,2,10.07,-0.61,0.36474,-1.561,3.614,4.962,12.3,0.038,0.0,20.973,20.426,19.378,18.774,18.631,21.315,22.497,21.284,20.829,20.563,22.463,0.365
448,2,10.07,-0.59,0.78984,-0.175,3.757,4.486,11.7,0.038,0.0,16.907,16.383,15.805,15.465,15.421,16.923,17.325,16.866,16.737,16.7,17.138,0.79
449,2,10.07,-0.55,0.83224,-0.021,3.771,4.408,11.3,0.038,0.0,16.123,15.619,15.08,14.77,14.731,16.133,16.489,16.079,15.971,15.949,16.316,0.832
450,2,10.07,-0.55,0.39223,-1.512,3.612,4.937,11.4,0.038,0.0,19.951,19.407,18.349,17.74,17.599,20.302,21.499,20.274,19.811,19.54,21.471,0.392
451,2,10.07,-0.53,0.41741,-1.455,3.614,4.915,11.1,0.038,0.0,19.507,18.964,17.912,17.296,17.158,19.853,21.036,19.822,19.368,19.101,21.01,0.417
452,2,10.07,-0.53,0.57802,-0.989,3.652,4.743,11.6,0.038,0.0,18.843,18.293,17.354,16.732,16.633,19.069,19.984,19.006,18.678,18.492,19.931,0.578
453,2,10.07,-0.53,0.61297,-0.873,3.665,4.704,13.3,0.038,0.0,20.252,19.692,18.8,18.211,18.121,20.432,21.263,20.367,20.072,19.909,21.169,0.613
454,2,10.07,-0.51,0.40108,-1.501,3.61,4.926,11.5,0.038,0.0,20.021,19.479,18.413,17.803,17.661,20.381,21.594,20.357,19.886,19.608,21.571,0.401
455,2,10.07,-0.49,0.51422,-1.199,3.631,4.819,7.7,0.033,0.0,15.468,14.924,13.92,13.281,13.163,15.761,16.826,15.712,15.318,15.091,16.799,0.514
456,2,10.07,-0.49,0.4719,-1.322,3.621,4.865,10.7,0.038,0.0,18.775,18.235,17.201,16.566,16.437,19.103,20.24,19.063,18.635,18.384,20.216,0.472
457,2,10.07,-0.49,0.63219,-0.818,3.671,4.687,12.0,0.038,0.0,18.816,18.252,17.38,16.806,16.72,18.975,19.773,18.909,18.629,18.476,19.663,0.632
458,2,10.07,-0.47,0.35323,-1.638,3.6,4.97,11.3,0.038,0.0,20.164,19.623,18.525,17.931,17.78,20.556,21.834,20.546,20.036,19.733,21.815,0.353
459,2,10.07,-0.45,0.33151,-1.7,3.595,4.984,12.1,0.038,0.0,21.12,20.588,19.465,18.879,18.72,21.542,22.861,21.546,21.007,20.684,22.831,0.332
460,2,10.07,-0.45,0.7845,-0.271,3.743,4.521,13.0,0.038,0.0,18.447,17.894,17.273,16.901,16.852,18.462,18.926,18.4,18.25,18.198,18.725,0.784
461,2,10.07,-0.45,0.63363,-0.829,3.668,4.687,13.8,0.038,0.0,20.641,20.078,19.196,18.614,18.527,20.81,21.628,20.744,20.456,20.299,21.53,0.634
462,2,10.07,-0.43,0.22219,-2.05,3.572,5.07,11.3,0.038,0.0,21.195,20.706,19.475,18.917,18.725,21.746,23.24,21.815,21.147,20.746,23.155,0.222
463,2,10.07,-0.43,0.32475,-1.724,3.592,4.988,12.4,0.038,0.0,21.481,20.955,19.815,19.233,19.07,21.921,23.262,21.935,21.376,21.042,23.226,0.325
464,2,10.07,-0.41,0.44238,-1.422,3.609,4.888,10.8,0.038,0.0,19.126,18.591,17.512,16.89,16.752,19.5,20.721,19.481,19.0,18.714,20.703,0.442
465,2,10.07,-0.41,0.48585,-1.303,3.619,4.848,12.1,0.038,0.0,20.127,19.592,18.542,17.904,17.774,20.471,21.629,20.437,19.994,19.734,21.611,0.486
466,2,10.07,-0.41,0.36719,-1.62,3.597,4.955,12.6,0.038,0.0,21.42,20.89,19.767,19.173,19.018,21.84,23.148,21.844,21.308,20.987,23.122,0.367
467,2,10.07,-0.37,0.53174,-1.177,3.628,4.798,13.0,0.038,0.0,20.713,20.178,19.154,18.503,18.383,21.03,22.128,20.984,20.575,20.337,22.111,0.532
468,2,10.07,-0.35,0.85023,-0.036,3.763,4.401,11.8,0.038,0.0,16.661,16.131,15.571,15.247,15.206,16.66,17.054,16.6,16.483,16.455,16.869,0.85
469,2,10.07,-0.35,0.74216,-0.478,3.713,4.584,12.7,0.038,0.0,18.666,18.086,17.367,16.918,16.855,18.714,19.309,18.646,18.449,18.36,19.111,0.742
470,3,10.07,-2.55,0.16614,-2.175,3.603,5.191,11.1,0.038,0.0,21.308,20.746,19.696,19.189,19.054,21.639,22.812,21.618,21.151,20.876,22.66,0.166
471,3,10.07,-2.53,0.68773,-0.314,3.773,4.629,14.0,0.038,0.0,19.555,19.144,18.587,18.265,18.219,19.66,19.975,19.619,19.497,19.459,19.818,0.688
472,3,10.07,-2.43,0.53977,-0.949,3.69,4.826,13.5,0.038,0.0,20.643,20.074,19.306,18.881,18.766,20.759,21.408,20.714,20.445,20.306,21.135,0.54
473,3,10.07,-2.39,0.1873,-2.047,3.612,5.152,11.4,0.038,0.0,21.288,20.725,19.705,19.191,19.042,21.596,22.705,21.572,21.127,20.865,22.523,0.187
474,3,10.07,-2.31,0.57369,-0.805,3.712,4.794,13.7,0.038,0.0,20.482,19.937,19.227,18.825,18.731,20.575,21.127,20.528,20.302,20.193,20.883,0.574
475,3,10.07,-2.29,0.76706,0.115,3.815,4.416,14.2,0.038,0.0,18.683,18.36,17.916,17.672,17.647,18.798,18.99,18.763,18.708,18.72,18.876,0.767
476,3,10.07,-2.13,0.77998,0.192,3.819,4.361,12.6,0.038,0.0,16.89,16.57,16.137,15.903,15.879,17.0,17.18,16.965,16.917,16.935,17.071,0.78
477,3,10.07,-2.13,0.60477,-0.678,3.73,4.762,13.4,0.038,0.0,19.865,19.346,18.684,18.304,18.227,19.946,20.423,19.899,19.707,19.622,20.205,0.605
478,3,10.07,-1.89,0.57463,-0.81,3.709,4.788,12.9,0.038,0.0,19.695,19.141,18.42,18.003,17.912,19.782,20.35,19.732,19.507,19.397,20.108,0.575
479,3,10.07,-1.85,0.73225,-0.128,3.79,4.537,13.5,0.038,0.0,18.59,18.2,17.691,17.401,17.366,18.684,18.951,18.643,18.55,18.535,18.812,0.732
480,3,10.07,-1.85,0.83946,1.776,3.756,2.558,14.4,0.038,0.0,14.73,14.257,13.659,13.307,13.263,14.789,15.126,14.748,14.615,14.563,14.964,0.839
481,3,10.07,-1.83,0.51763,-1.028,3.681,4.851,13.3,0.038,0.0,20.64,20.067,19.262,18.793,18.681,20.768,21.464,20.718,20.441,20.295,21.214,0.518
482,3,10.07,-1.79,0.78237,0.167,3.813,4.363,15.1,0.038,0.0,19.452,19.11,18.665,18.421,18.396,19.55,19.748,19.513,19.457,19.47,19.633,0.782
483,3,10.07,-1.79,0.69897,-0.294,3.772,4.611,15.8,0.038,0.0,21.306,20.87,20.317,19.996,19.952,21.387,21.711,21.343,21.223,21.188,21.551,0.699
484,3,10.07,-1.77,0.55399,-0.897,3.696,4.81,14.4,0.038,0.0,21.412,20.845,20.086,19.642,19.544,21.511,22.134,21.46,21.214,21.09,21.887,0.554
485,3,10.07,-1.75,0.56579,-0.85,3.703,4.797,14.4,0.038,0.0,21.294,20.732,19.992,19.558,19.465,21.384,21.979,21.333,21.099,20.983,21.735,0.566
486,3,10.07,-1.71,0.23576,-1.822,3.627,5.085,10.4,0.038,0.0,19.725,19.163,18.181,17.636,17.476,20.002,21.031,19.967,19.557,19.321,20.867,0.236
487,3,10.07,-1.69,0.64303,-0.541,3.742,4.701,14.2,0.038,0.0,20.323,19.817,19.187,18.82,18.757,20.391,20.826,20.342,20.175,20.107,20.625,0.643
488,3,10.07,-1.69,0.68892,-0.345,3.766,4.629,14.6,0.038,0.0,20.232,19.777,19.209,18.879,18.831,20.306,20.655,20.261,20.132,20.09,20.486,0.689
489,3,10.07,-1.67,0.46645,-1.192,3.666,4.908,13.1,0.038,0.0,20.849,20.277,19.418,18.912,18.791,21.013,21.795,20.965,20.656,20.487,21.574,0.466
490,3,10.07,-1.67,0.83338,0.703,3.761,3.647,14.9,0.038,0.0,17.912,17.455,16.869,16.523,16.479,17.986,18.329,17.942,17.811,17.765,18.163,0.833
491,3,10.07,-1.59,0.61777,-0.656,3.725,4.731,12.7,0.038,0.0,19.11,18.57,17.895,17.499,17.425,19.176,19.678,19.124,18.931,18.846,19.455,0.618
492,3,10.07,-1.57,0.69664,-0.329,3.765,4.617,15.2,0.038,0.0,20.794,20.333,19.765,19.435,19.387,20.863,21.214,20.817,20.688,20.647,21.044,0.697
493,3,10.07,-1.53,0.31994,-1.592,3.635,5.023,12.0,0.038,0.0,20.751,20.186,19.23,18.682,18.534,21.004,21.983,20.963,20.577,20.357,21.826,0.32
494,3,10.07,-1.53,0.42788,-1.319,3.652,4.943,13.5,0.038,0.0,21.567,20.999,20.092,19.555,19.425,21.77,22.637,21.723,21.383,21.192,22.453,0.428
495,3,10.07,-1.51,0.22048,-1.912,3.616,5.102,11.9,0.038,0.0,21.45,20.893,19.875,19.317,19.154,21.763,22.881,21.732,21.292,21.038,22.765,0.22
496,3,10.07,-1.47,0.3413,-1.548,3.636,5.01,12.8,0.038,0.0,21.441,20.877,19.921,19.37,19.224,21.693,22.671,21.651,21.267,21.048,22.521,0.341
497,3,10.07,-1.47,0.57686,-0.828,3.7,4.772,13.2,0.038,0.0,20.041,19.475,18.721,18.269,18.179,20.13,20.741,20.077,19.843,19.726,20.505,0.577
498,3,10.07,-1.41,0.66551,-0.482,3.744,4.666,13.4,0.038,0.0,19.374,18.863,18.241,17.876,17.817,19.431,19.862,19.381,19.221,19.159,19.664,0.666
499,3,10.07,-1.41,0.82707,0.391,3.816,4.175,14.7,0.038,0.0,18.493,18.139,17.708,17.477,17.451,18.57,18.757,18.533,18.486,18.505,18.646,0.827
500,3,10.07,-1.35,0.2849,-1.716,3.622,5.042,11.5,0.038,0.0,20.559,20.001,19.0,18.435,18.278,20.856,21.938,20.821,20.398,20.154,21.823,0.285
501,3,10.07,-1.31,0.71534,-0.276,3.768,4.587,15.7,0.038,0.0,21.16,20.695,20.137,19.814,19.77,21.217,21.563,21.17,21.048,21.013,21.395,0.715
502,3,10.07,-1.27,0.67629,-0.447,3.747,4.649,15.4,0.038,0.0,21.288,20.776,20.162,19.801,19.745,21.338,21.761,21.286,21.133,21.075,21.566,0.676
503,3,10.07,-1.21,0.46074,-1.259,3.647,4.894,13.5,0.038,0.0,21.417,20.857,19.925,19.351,19.228,21.644,22.557,21.594,21.244,21.045,22.424,0.461
504,3,10.07,-1.09,0.74386,-0.198,3.771,4.536,12.6,0.038,0.0,17.864,17.394,16.846,16.528,16.487,17.91,18.251,17.861,17.746,17.717,18.084,0.744
505,3,10.07,-1.09,0.81473,0.185,3.8,4.311,13.7,0.038,0.0,18.008,17.604,17.134,16.875,16.846,18.064,18.305,18.022,17.952,17.956,18.175,0.815
506,3,10.07,-1.03,0.71465,-0.344,3.753,4.592,14.0,0.038,0.0,19.63,19.118,18.522,18.17,18.12,19.669,20.076,19.616,19.474,19.425,19.886,0.715
507,3,10.07,-0.85,0.86668,0.447,3.78,3.995,14.0,0.038,0.0,17.651,17.188,16.669,16.374,16.338,17.682,17.987,17.634,17.538,17.524,17.832,0.867
508,3,10.07,-0.51,0.81237,-0.131,3.76,4.463,13.7,0.038,0.0,18.797,18.272,17.701,17.367,17.325,18.807,19.204,18.749,18.625,18.592,19.018,0.812
509,3,10.07,-0.47,0.94008,0.542,3.709,3.65,16.7,0.038,0.0,20.115,19.543,18.806,18.344,18.28,20.177,20.771,20.114,19.909,19.811,20.53,0.94
510,3,10.11,-3.21,0.62525,-0.568,3.744,4.725,14.9,0.038,0.0,21.089,20.609,19.982,19.622,19.554,21.182,21.597,21.137,20.968,20.897,21.402,0.625
511,3,10.11,-3.17,0.29606,-1.626,3.638,5.035,12.1,0.038,0.0,20.936,20.358,19.43,18.945,18.788,21.164,22.09,21.131,20.748,20.529,21.816,0.296
512,3,10.11,-2.67,0.47254,-1.169,3.668,4.899,13.6,0.038,0.0,21.291,20.708,19.877,19.43,19.292,21.445,22.203,21.404,21.087,20.915,21.908,0.473
513,3,10.11,-2.63,0.29383,-1.633,3.638,5.037,12.1,0.038,0.0,20.952,20.374,19.444,18.959,18.802,21.181,22.11,21.149,20.764,20.545,21.837,0.294
514,3,10.11,-2.59,0.76869,0.23,3.821,4.325,15.5,0.038,0.0,19.695,19.388,18.958,18.726,18.702,19.814,19.988,19.78,19.735,19.753,19.88,0.769
515,3,10.11,-2.43,0.59454,-0.701,3.728,4.77,14.1,0.038,0.0,20.623,20.107,19.438,19.059,18.978,20.712,21.193,20.666,20.468,20.378,20.974,0.595
516,3,10.11,-2.43,0.68769,-0.282,3.777,4.61,15.5,0.038,0.0,20.976,20.569,20.021,19.704,19.66,21.08,21.385,21.039,20.922,20.888,21.232,0.688
517,3,10.11,-2.43,0.78668,0.409,3.83,4.19,17.4,0.038,0.0,21.148,20.854,20.449,20.239,20.216,21.262,21.409,21.23,21.2,21.229,21.31,0.787
518,3,10.11,-2.35,0.74547,0.045,3.808,4.444,15.3,0.038,0.0,19.956,19.62,19.155,18.896,18.869,20.071,20.283,20.035,19.969,19.972,20.163,0.745
519,3,10.11,-2.19,0.45588,-1.219,3.664,4.917,11.7,0.038,0.0,19.517,18.937,18.086,17.615,17.479,19.681,20.466,19.639,19.317,19.141,20.194,0.456
520,3,10.11,-1.93,0.7049,-0.221,3.78,4.575,14.1,0.038,0.0,19.423,19.012,18.478,18.171,18.131,19.514,19.81,19.472,19.364,19.338,19.66,0.705
521,3,10.11,-1.91,0.39524,-1.389,3.653,4.981,13.1,0.038,0.0,21.343,20.767,19.874,19.37,19.23,21.537,22.39,21.493,21.15,20.958,22.155,0.395
522,3,10.11,-1.83,0.75844,0.085,3.807,4.405,15.1,0.038,0.0,19.657,19.302,18.837,18.579,18.552,19.754,19.972,19.717,19.65,19.654,19.85,0.758
523,3,10.11,-1.81,0.28662,-1.654,3.637,5.042,12.4,0.038,0.0,21.304,20.736,19.789,19.259,19.108,21.548,22.506,21.509,21.126,20.907,22.312,0.287
524,3,10.11,-1.79,0.73062,-0.092,3.792,4.508,13.7,0.038,0.0,18.701,18.312,17.809,17.522,17.489,18.793,19.055,18.752,18.662,18.65,18.917,0.731
525,3,10.11,-1.79,0.80026,0.474,3.815,4.074,14.1,0.038,0.0,17.685,17.343,16.904,16.669,16.643,17.775,17.96,17.739,17.69,17.706,17.85,0.8
526,3,10.11,-1.79,0.74488,-0.009,3.799,4.461,15.6,0.038,0.0,20.392,20.019,19.535,19.262,19.232,20.486,20.726,20.447,20.368,20.364,20.597,0.745
527,3,10.11,-1.75,0.10977,-2.719,3.542,5.31,8.0,0.034,0.0,19.569,19.142,17.821,17.268,17.099,20.241,22.054,20.341,19.575,19.162,21.945,0.11
528,3,10.11,-1.75,0.79744,0.425,3.817,4.129,13.4,0.038,0.0,17.108,16.769,16.336,16.104,16.079,17.198,17.379,17.162,17.116,17.134,17.27,0.797
529,3,10.11,-1.71,0.79338,0.369,3.817,4.182,15.3,0.038,0.0,19.148,18.808,18.375,18.142,18.117,19.238,19.422,19.203,19.156,19.173,19.312,0.793
530,3,10.11,-1.69,0.67586,-0.376,3.762,4.636,15.4,0.038,0.0,21.11,20.646,20.067,19.731,19.681,21.182,21.545,21.136,21.001,20.955,21.37,0.676
531,3,10.11,-1.59,0.72463,-0.161,3.783,4.538,14.9,0.038,0.0,20.072,19.655,19.133,18.832,18.796,20.151,20.441,20.108,20.006,19.986,20.293,0.725
532,3,10.11,-1.55,0.67679,-0.393,3.757,4.635,14.8,0.038,0.0,20.552,20.073,19.484,19.141,19.088,20.617,20.998,20.57,20.428,20.379,20.817,0.677
533,3,10.11,-1.51,0.59317,-0.751,3.711,4.751,14.9,0.038,0.0,21.548,20.993,20.274,19.846,19.763,21.626,22.19,21.574,21.358,21.254,21.958,0.593
534,3,10.11,-1.47,0.10086,-2.9,3.513,5.339,9.1,0.037,0.0,21.119,20.749,19.289,18.764,18.632,21.962,24.087,22.215,21.202,20.701,24.023,0.101
535,3,10.11,-1.41,0.29364,-1.676,3.626,5.033,12.3,0.038,0.0,21.26,20.701,19.714,19.152,18.997,21.544,22.591,21.506,21.095,20.859,22.462,0.294
536,3,10.11,-1.25,0.50197,-1.123,3.659,4.843,11.6,0.038,0.0,19.176,18.614,17.72,17.165,17.052,19.366,20.198,19.314,18.996,18.818,20.039,0.502
537,3,10.11,-1.25,0.62846,-0.634,3.721,4.699,14.6,0.038,0.0,20.956,20.405,19.715,19.3,19.229,21.018,21.544,20.963,20.768,20.68,21.323,0.628
538,3,10.11,-1.11,0.60328,-0.766,3.697,4.721,14.3,0.038,0.0,20.986,20.419,19.652,19.175,19.093,21.078,21.704,21.021,20.788,20.671,21.489,0.603
539,3,10.11,-1.07,0.36561,-1.523,3.627,4.979,12.4,0.038,0.0,20.976,20.419,19.429,18.845,18.701,21.262,22.322,21.221,20.813,20.58,22.226,0.366
540,3,10.11,-1.07,0.74199,-0.174,3.772,4.516,13.0,0.038,0.0,18.206,17.737,17.191,16.875,16.835,18.251,18.588,18.202,18.088,18.061,18.423,0.742
541,3,10.11,-1.03,0.71747,-0.303,3.757,4.57,12.3,0.038,0.0,17.827,17.325,16.74,16.396,16.348,17.867,18.258,17.815,17.679,17.635,18.074,0.717
542,3,10.11,-0.77,0.5676,-0.954,3.664,4.749,13.2,0.038,0.0,20.355,19.796,18.906,18.328,18.232,20.535,21.357,20.475,20.176,20.01,21.241,0.568
543,3,10.11,-0.63,0.59697,-0.886,3.666,4.71,13.7,0.038,0.0,20.684,20.124,19.238,18.657,18.566,20.859,21.677,20.796,20.503,20.341,21.569,0.597
544,3,10.11,-0.29,0.77055,-0.378,3.723,4.542,12.4,0.038,0.0,18.115,17.536,16.854,16.436,16.378,18.142,18.695,18.074,17.896,17.822,18.488,0.771
545,3,10.11,-0.17,0.34689,-1.719,3.579,4.96,12.3,0.038,0.0,21.368,20.885,19.639,19.065,18.89,21.936,23.384,22.033,21.333,20.911,23.314,0.347
546,#TRILEGAL,normally,terminated,,,,,,,,,,,,,,,,,,,
